station_id,station_group_id,station_name,area,prefecture,city,ward_or_city,address,latitude,longitude,lines,companies,line_count,importance_rank,importance_score,source
100917,100917,新高岡,新高岡,富山県,高岡市,高岡市,富山県高岡市下黒田1872番地,36.727004,137.010459,JR城端線,JR西日本,1,C,23,駅データ.jp
101009,101009,新水俣,新水俣,熊本県,水俣市,水俣市,水俣市初野３０５,32.210825,130.428893,肥薩おれんじ鉄道線,肥薩おれんじ鉄道,1,C,23,駅データ.jp
101010,101010,出水,出水,鹿児島県,出水市,出水市,出水市上鯖淵,32.089275,130.357803,肥薩おれんじ鉄道線,肥薩おれんじ鉄道,1,C,23,駅データ.jp
1110101,1110101,函館,函館,北海道,函館市,函館市,北海道函館市若松町１２-１３,41.773174,140.727205,JR函館本線(函館～長万部)|函館市電２系統|函館市電５系統|道南いさりび鉄道線,JR北海道|函館市交通局|道南いさりび鉄道,4,C,38,駅データ.jp
1110106,1110106,新函館北斗,新函館北斗,北海道,北斗市,北斗市,北海道北斗市市渡,41.9054,140.646525,JR函館本線(函館～長万部),JR北海道,1,C,23,駅データ.jp
1110138,1110138,長万部,長万部,北海道,山越郡長万部町,山越郡長万部町,山越郡長万部町字長万部,42.512477,140.37507,JR函館本線(函館～長万部)|JR函館本線(長万部～小樽)|JR室蘭本線(長万部・室蘭～苫小牧),JR北海道,3,C,24,駅データ.jp
1110219,1110219,小樽,小樽,北海道,小樽市,小樽市,小樽市稲穂２丁目,43.197172,140.993653,JR函館本線(小樽～旭川)|JR函館本線(長万部～小樽),JR北海道,2,C,23,駅データ.jp
1110315,1110315,札幌,札幌,北海道,札幌市,札幌市北区,札幌市北区北６条西４丁目,43.067715,141.35058,JR函館本線(小樽～旭川)|JR千歳線|JR札沼線|札幌市営地下鉄南北線|札幌市営地下鉄東豊線,JR北海道|札幌市交通局,5,S,80,駅データ.jp
1110327,1110327,岩見沢,岩見沢,北海道,岩見沢市,岩見沢市,岩見沢市有明町南,43.204201,141.759359,JR函館本線(小樽～旭川)|JR室蘭本線(苫小牧～岩見沢),JR北海道,2,C,23,駅データ.jp
1110335,1110335,滝川,滝川,北海道,滝川市,滝川市,滝川市栄町４丁目,43.555278,141.900807,JR函館本線(小樽～旭川)|JR根室本線(滝川～富良野),JR北海道,2,C,23,駅データ.jp
1110342,1110342,旭川,旭川,北海道,旭川市,旭川市,旭川市宮下通８丁目,43.763492,142.357803,JR函館本線(小樽～旭川)|JR宗谷本線|JR富良野線|JR石北本線,JR北海道,4,C,38,駅データ.jp
1110434,1110434,苫小牧,苫小牧,北海道,苫小牧市,苫小牧市,苫小牧市表町６丁目,42.639665,141.596837,JR千歳線|JR室蘭本線(苫小牧～岩見沢)|JR室蘭本線(長万部・室蘭～苫小牧)|JR日高本線,JR北海道,4,C,38,駅データ.jp
1110610,1110610,富良野,富良野,北海道,富良野市,富良野市,富良野市日の出町,43.347114,142.391374,JR富良野線|JR根室本線(滝川～富良野),JR北海道,2,C,23,駅データ.jp
1110731,1110731,釧路,釧路,北海道,釧路市,釧路市,釧路市北大通１４丁目,42.990584,144.381983,JR根室本線(新得～釧路)|JR釧網本線|花咲線,JR北海道,3,C,32,駅データ.jp
1110802,1110802,東釧路,東釧路,北海道,釧路市,釧路市,釧路市貝塚２丁目,42.995207,144.411307,JR釧網本線|花咲線,JR北海道,2,C,23,駅データ.jp
1110905,1110905,新千歳空港,新千歳空港,北海道,千歳市,千歳市,千歳市美々,42.787546,141.680823,JR千歳線,JR北海道,1,C,23,駅データ.jp
1110906,1110906,南千歳,南千歳,北海道,千歳市,千歳市,千歳市字平和,42.80804,141.675388,JR千歳線|JR石勝線,JR北海道,2,C,33,駅データ.jp
1110907,1110907,千歳,千歳,北海道,千歳市,千歳市,千歳市千代田町７丁目,42.82811,141.651934,JR千歳線,JR北海道,1,C,23,駅データ.jp
1111502,1111502,旭川四条,旭川四条,北海道,旭川市,旭川市,旭川市四条通１８丁目,43.764056,142.375815,JR宗谷本線|JR石北本線,JR北海道,2,C,23,駅データ.jp
1111503,1111503,新旭川,新旭川,北海道,旭川市,旭川市,旭川市東八条６丁目,43.780174,142.384789,JR宗谷本線|JR石北本線,JR北海道,2,C,23,駅データ.jp
1111642,1111642,網走,網走,北海道,網走市,網走市,網走市新町２丁目,44.019873,144.254156,JR石北本線|JR釧網本線,JR北海道,2,C,23,駅データ.jp
1120120,1120120,青森,青森,青森県,青森市,青森市,青森市柳川１丁目,40.828668,140.734738,JR奥羽本線(新庄～青森)|JR津軽線|青い森鉄道線,JR東日本|青い森鉄道,3,B,47,駅データ.jp
1120201,1120201,新庄,新庄,山形県,新庄市,新庄市,新庄市多門町,38.76256,140.306064,JR奥羽本線(新庄～青森)|奥の細道最上川ライン|奥の細道湯けむりライン|山形線,JR東日本,4,C,38,駅データ.jp
1120217,1120217,横手,横手,秋田県,横手市,横手市,横手市駅前町,39.310146,140.5604,JR北上線|JR奥羽本線(新庄～青森),JR東日本,2,C,23,駅データ.jp
1120228,1120228,秋田,秋田,秋田県,秋田市,秋田市,秋田市中通７丁目,39.716748,140.129931,JR奥羽本線(新庄～青森)|JR羽越本線,JR東日本,2,C,38,駅データ.jp
1120240,1120240,東能代,東能代,秋田県,能代市,能代市,能代市鰄渕,40.191579,140.065746,JR五能線|JR奥羽本線(新庄～青森),JR東日本,2,C,23,駅データ.jp
1120249,1120249,大館,大館,秋田県,大館市,大館市,大館市御成町１丁目,40.288122,140.555946,JR奥羽本線(新庄～青森)|十和田八幡平四季彩ライン,JR東日本,2,C,23,駅データ.jp
1120257,1120257,弘前,弘前,青森県,弘前市,弘前市,弘前市表町,40.599356,140.485362,JR奥羽本線(新庄～青森)|弘南鉄道弘南線,JR東日本|弘南鉄道,2,C,23,駅データ.jp
1120265,1120265,新青森,新青森,青森県,青森市,青森市,青森県青森市大字石江字高間140-2,40.8275,140.693472,JR奥羽本線(新庄～青森),JR東日本,1,C,23,駅データ.jp
1120437,1120437,五所川原,五所川原,青森県,五所川原市,五所川原市,五所川原市字大町,40.809404,140.448125,JR五能線|津軽鉄道線,JR東日本|津軽鉄道,2,C,23,駅データ.jp
1120601,1120601,八戸,八戸,青森県,八戸市,八戸市,八戸市尻内町,40.5092,141.431499,JR八戸線|青い森鉄道線,JR東日本|青い森鉄道,2,C,33,駅データ.jp
1120625,1120625,久慈,久慈,岩手県,久慈市,久慈市,久慈市中央３,40.190391,141.770891,JR八戸線|三陸鉄道リアス線,JR東日本|三陸鉄道,2,C,23,駅データ.jp
1120903,1120903,新花巻,新花巻,岩手県,花巻市,花巻市,花巻市矢沢第１０地割,39.405839,141.17302,銀河ドリームライン釜石線,JR東日本,1,C,23,駅データ.jp
1120924,1120924,釜石,釜石,岩手県,釜石市,釜石市,釜石市鈴子町,39.273321,141.87267,三陸鉄道リアス線|銀河ドリームライン釜石線,JR東日本|三陸鉄道,2,C,23,駅データ.jp
1121318,1121318,宮古,宮古,岩手県,宮古市,宮古市,宮古市栄町,39.640287,141.946454,JR山田線|三陸鉄道リアス線,JR東日本|三陸鉄道,2,C,23,駅データ.jp
1121401,1121401,新津,新津,新潟県,新潟市,新潟市秋葉区,新潟市秋葉区新津本町１丁目,37.800383,139.121445,JR信越本線(直江津～新潟)|JR羽越本線|森と水とロマンの鉄道,JR東日本,3,C,24,駅データ.jp
1121407,1121407,新発田,新発田,新潟県,新発田市,新発田市,新発田市諏訪町１丁目,37.94412,139.335189,JR白新線|JR羽越本線,JR東日本,2,C,23,駅データ.jp
1121609,1121609,米沢,米沢,山形県,米沢市,米沢市,米沢市駅前１丁目,37.909478,140.128209,JR米坂線|山形線,JR東日本,2,C,23,駅データ.jp
1121618,1121618,山形,山形,山形県,山形市,山形市,山形市香澄町１丁目,38.248098,140.327253,JR仙山線|フルーツライン左沢線|山形線,JR東日本,3,B,47,駅データ.jp
1121619,1121619,北山形,北山形,山形県,山形市,山形市,山形市宮町１丁目,38.265902,140.332658,JR仙山線|フルーツライン左沢線|山形線,JR東日本,3,C,32,駅データ.jp
1122201,1122201,あおば通,仙台,宮城県,仙台市,仙台市青葉区,仙台市青葉区中央３丁目２番１号,38.260184,140.879457,JR仙石線|仙台市営地下鉄南北線|仙台市営地下鉄東西線,JR東日本|仙台市交通局,3,C,24,駅データ.jp
1122231,1122231,石巻,石巻,宮城県,石巻市,石巻市,石巻市鋳銭場,38.43538,141.303553,JR仙石線|JR石巻線,JR東日本,2,C,23,駅データ.jp
1122515,1122515,会津若松,会津若松,福島県,会津若松市,会津若松市,会津若松市駅前町,37.508824,139.930159,JR只見線|JR磐越西線(郡山～会津若松)|森と水とロマンの鉄道,JR東日本,3,C,32,駅データ.jp
1122801,1122801,いわき,いわき,福島県,いわき市,いわき市,いわき市平字田町,37.058241,140.892273,JR常磐線(いわき～仙台)|JR常磐線(取手～いわき)|ゆうゆうあぶくまライン,JR東日本,3,C,32,駅データ.jp
1122901,1122901,取手,取手,茨城県,取手市,取手市,取手市中央町,35.89553,140.063004,JR常磐線(上野～取手)|JR常磐線(取手～いわき)|関東鉄道常総線,JR東日本|関東鉄道,3,C,32,駅データ.jp
1122903,1122903,龍ケ崎市,龍ケ崎市,茨城県,龍ケ崎市,龍ケ崎市,龍ケ崎市佐貫町,35.929851,140.138255,JR常磐線(取手～いわき)|関東鉄道竜ヶ崎線,JR東日本|関東鉄道,2,C,23,駅データ.jp
1122917,1122917,水戸,水戸,茨城県,水戸市,水戸市,水戸市宮町１丁目,36.370911,140.47676,JR常磐線(取手～いわき)|JR水郡線|鹿島臨海鉄道大洗鹿島線,JR東日本|鹿島臨海鉄道,3,B,47,駅データ.jp
1123114,1123114,郡山,郡山,福島県,郡山市,郡山市,郡山市燧田,37.398187,140.389363,JR東北本線(黒磯～利府・盛岡)|JR水郡線|JR磐越西線(郡山～会津若松)|ゆうゆうあぶくまライン,JR東日本,4,B,48,駅データ.jp
1123124,1123124,福島,福島,福島県,福島市,福島市,福島市栄町,37.754468,140.459857,JR東北本線(黒磯～利府・盛岡)|山形線|福島交通飯坂線|阿武隈急行線,JR東日本|福島交通|阿武隈急行,4,A,63,駅データ.jp
1123137,1123137,岩沼,岩沼,宮城県,岩沼市,岩沼市,岩沼市館下１丁目,38.11205,140.863783,JR常磐線(いわき～仙台)|JR東北本線(黒磯～利府・盛岡),JR東日本,2,C,23,駅データ.jp
1123139,1123139,名取,名取,宮城県,名取市,名取市,名取市増田２丁目５番地１,38.173054,140.882759,JR常磐線(いわき～仙台)|JR東北本線(黒磯～利府・盛岡)|仙台空港線,JR東日本|仙台空港鉄道,3,C,32,駅データ.jp
1123142,1123142,長町,長町,宮城県,仙台市,仙台市太白区,仙台市太白区長町５丁目,38.227279,140.885605,JR常磐線(いわき～仙台)|JR東北本線(黒磯～利府・盛岡)|仙台市営地下鉄南北線,JR東日本|仙台市交通局,3,C,24,駅データ.jp
1123143,1123143,仙台,仙台,宮城県,仙台市,仙台市青葉区,仙台市青葉区中央一丁目1-1,38.260027,140.882158,JR仙山線|JR仙石線|JR常磐線(いわき～仙台)|JR東北本線(黒磯～利府・盛岡),JR東日本,4,S,80,駅データ.jp
1123156,1123156,小牛田,小牛田,宮城県,遠田郡美里町,遠田郡美里町,遠田郡美里町藤ケ崎,38.541111,141.064355,JR東北本線(黒磯～利府・盛岡)|JR石巻線|奥の細道湯けむりライン,JR東日本,3,C,24,駅データ.jp
1123166,1123166,一ノ関,一ノ関,岩手県,一関市,一関市,一関市駅前,38.926514,141.138177,JR東北本線(黒磯～利府・盛岡)|ドラゴンレール大船渡線,JR東日本,2,C,25,駅データ.jp
1123174,1123174,北上,北上,岩手県,北上市,北上市,北上市大通り１丁目,39.281196,141.121221,JR北上線|JR東北本線(黒磯～利府・盛岡),JR東日本,2,C,33,駅データ.jp
1123176,1123176,花巻,花巻,岩手県,花巻市,花巻市,花巻市大通り,39.393182,141.110458,JR東北本線(黒磯～利府・盛岡)|銀河ドリームライン釜石線,JR東日本,2,C,23,駅データ.jp
1123185,1123185,盛岡,盛岡,岩手県,盛岡市,盛岡市,盛岡市盛岡駅前通,39.701547,141.136599,JR山田線|JR東北本線(黒磯～利府・盛岡)|JR田沢湖線|いわて銀河鉄道線,IGRいわて銀河鉄道|JR東日本,4,A,63,駅データ.jp
1130101,1130101,東京,東京,東京都,千代田区,千代田区,東京都千代田区丸の内一丁目,35.681421,139.765987,JR中央本線(東京～塩尻)|JR中央線(快速)|JR京浜東北線|JR京葉線|JR山手線|JR成田エクスプレス|JR東海道本線(東京～熱海)|JR横須賀線|JR総武本線|上野東京ライン|宇都宮線|東京メトロ丸ノ内線,JR東日本|東京メトロ,12,S,80,駅データ.jp
1130102,1130102,新橋,新橋,東京都,港区,港区,東京都港区新橋二丁目17,35.666185,139.758839,JR京浜東北線|JR山手線|JR東海道本線(東京～熱海)|JR横須賀線|ゆりかもめ|東京メトロ銀座線|都営浅草線,JR東日本|ゆりかもめ|東京メトロ|東京都交通局,7,A,60,駅データ.jp
1130103,1130103,品川,品川,東京都,港区,港区,東京都港区高輪三丁目26-27,35.628681,139.738848,JR京浜東北線|JR山手線|JR成田エクスプレス|JR東海道本線(東京～熱海)|JR横須賀線|京急本線,JR東日本|京急電鉄,6,S,80,駅データ.jp
1130104,1130104,川崎,川崎,神奈川県,川崎市,川崎市川崎区,川崎市川崎区駅前本町,35.531311,139.697485,JR京浜東北線|JR南武線|JR東海道本線(東京～熱海),JR東日本,3,S,80,駅データ.jp
1130105,1130105,横浜,横浜,神奈川県,横浜市,横浜市西区,横浜市西区高島２丁目,35.466151,139.622323,JR京浜東北線|JR成田エクスプレス|JR東海道本線(東京～熱海)|JR根岸線|JR横須賀線|JR湘南新宿ライン|みなとみらい線|ブルーライン|京急本線|東急東横線|相鉄本線,JR東日本|京急電鉄|東急電鉄|横浜市交通局|横浜高速鉄道|相模鉄道,11,S,80,駅データ.jp
1130106,1130106,戸塚,戸塚,神奈川県,横浜市,横浜市戸塚区,横浜市戸塚区戸塚町,35.400509,139.534291,JR成田エクスプレス|JR東海道本線(東京～熱海)|JR横須賀線|JR湘南新宿ライン|ブルーライン,JR東日本|横浜市交通局,5,C,35,駅データ.jp
1130107,1130107,大船,大船,神奈川県,鎌倉市,鎌倉市,鎌倉市大船１丁目,35.353282,139.531167,JR成田エクスプレス|JR東海道本線(東京～熱海)|JR根岸線|JR横須賀線|JR湘南新宿ライン|湘南モノレール,JR東日本|湘南モノレール,6,C,35,駅データ.jp
1130108,1130108,藤沢,藤沢,神奈川県,藤沢市,藤沢市,藤沢市藤沢,35.338222,139.487186,JR東海道本線(東京～熱海)|小田急江ノ島線|江ノ島電鉄線,JR東日本|小田急電鉄|江ノ島電鉄,3,A,60,駅データ.jp
1130116,1130116,小田原,小田原,神奈川県,小田原市,小田原市,小田原市栄町１丁目,35.256316,139.155759,JR東海道本線(東京～熱海)|伊豆箱根鉄道大雄山線|小田急線|箱根登山鉄道鉄道線,JR東日本|伊豆箱根鉄道|小田急箱根|小田急電鉄,4,B,48,駅データ.jp
1130121,1130121,熱海,熱海,静岡県,熱海市,熱海市,熱海市田原本町,35.103573,139.077679,JR伊東線|JR東海道本線(東京～熱海)|JR東海道本線(熱海～浜松),JR東日本|JR東海,3,B,42,駅データ.jp
1130201,1130201,大崎,品川,東京都,品川区,品川区,東京都品川区大崎一丁目21-4,35.619772,139.728439,JR埼京線|JR山手線|JR湘南新宿ライン|りんかい線|相鉄・JR直通線,JR東日本|東京臨海高速鉄道|相模鉄道,5,C,35,駅データ.jp
1130202,1130202,五反田,五反田,東京都,品川区,品川区,東京都品川区東五反田一丁目26,35.626113,139.724057,JR山手線|東急池上線|都営浅草線,JR東日本|東京都交通局|東急電鉄,3,A,60,駅データ.jp
1130203,1130203,目黒,目黒,東京都,品川区,品川区,東京都品川区上大崎二丁目16-9,35.633435,139.715569,JR山手線|東京メトロ南北線|東急目黒線|都営三田線,JR東日本|東京メトロ|東京都交通局|東急電鉄,4,A,60,駅データ.jp
1130204,1130204,恵比寿,恵比寿,東京都,渋谷区,渋谷区,東京都渋谷区恵比寿南一丁目5-5,35.646814,139.709854,JR埼京線|JR山手線|JR湘南新宿ライン|東京メトロ日比谷線|相鉄・JR直通線,JR東日本|東京メトロ|相模鉄道,5,A,60,駅データ.jp
1130205,1130205,渋谷,渋谷,東京都,渋谷区,渋谷区,東京都渋谷区道玄坂一丁目1-1,35.658936,139.701459,JR埼京線|JR山手線|JR成田エクスプレス|JR湘南新宿ライン|京王井の頭線|東京メトロ副都心線|東京メトロ半蔵門線|東京メトロ銀座線|東急東横線|東急田園都市線|相鉄・JR直通線,JR東日本|京王電鉄|東京メトロ|東急電鉄|相模鉄道,11,S,80,駅データ.jp
1130206,1130206,原宿,原宿,東京都,渋谷区,渋谷区,東京都渋谷区神宮前一丁目18,35.669405,139.703985,JR山手線|東京メトロ副都心線|東京メトロ千代田線,JR東日本|東京メトロ,3,A,60,駅データ.jp
1130207,1130207,代々木,新宿,東京都,渋谷区,渋谷区,東京都渋谷区代々木一丁目34-1,35.683113,139.701917,JR中央・総武線|JR山手線|都営大江戸線,JR東日本|東京都交通局,3,C,24,駅データ.jp
1130208,1130208,新宿,新宿,東京都,新宿区,新宿区,東京都新宿区新宿三丁目38-1,35.689846,139.699973,JR中央・総武線|JR中央本線(東京～塩尻)|JR中央線(快速)|JR埼京線|JR山手線|JR成田エクスプレス|JR湘南新宿ライン|京王新線|京王線|小田急線|東京メトロ丸ノ内線|相鉄・JR直通線|都営大江戸線|都営新宿線,JR東日本|京王電鉄|小田急電鉄|東京メトロ|東京都交通局|相模鉄道,14,S,80,駅データ.jp
1130210,1130210,高田馬場,高田馬場,東京都,新宿区,新宿区,東京都新宿区高田馬場一丁目35-1,35.712897,139.704058,JR山手線|東京メトロ東西線|西武新宿線,JR東日本|東京メトロ|西武鉄道,3,A,60,駅データ.jp
1130212,1130212,池袋,池袋,東京都,豊島区,豊島区,東京都豊島区南池袋一丁目28-2,35.730263,139.710608,JR埼京線|JR山手線|JR湘南新宿ライン|東京メトロ丸ノ内線|東京メトロ副都心線|東京メトロ有楽町線|東武東上線|西武池袋線,JR東日本|東京メトロ|東武鉄道|西武鉄道,8,S,80,駅データ.jp
1130217,1130217,西日暮里,日暮里,東京都,荒川区,荒川区,東京都荒川区西日暮里五丁目22-1,35.73203,139.76677,JR京浜東北線|JR山手線|日暮里・舎人ライナー|東京メトロ千代田線,JR東日本|東京メトロ|東京都交通局,4,C,30,駅データ.jp
1130218,1130218,日暮里,日暮里,東京都,荒川区,荒川区,東京都荒川区西日暮里二丁目19-1,35.727908,139.771287,JR京浜東北線|JR山手線|JR常磐線(上野～取手)|京成本線|成田スカイアクセス|日暮里・舎人ライナー,JR東日本|京成電鉄|東京都交通局,6,C,35,駅データ.jp
1130220,1130220,上野,上野,東京都,台東区,台東区,東京都台東区上野七丁目1-1,35.713213,139.777063,JR京浜東北線|JR山手線|JR常磐線(上野～取手)|JR高崎線|上野東京ライン|宇都宮線|東京メトロ日比谷線|東京メトロ銀座線,JR東日本|東京メトロ,8,S,80,駅データ.jp
1130221,1130221,御徒町,秋葉原,東京都,台東区,台東区,東京都台東区上野五丁目27,35.707357,139.77456,JR京浜東北線|JR山手線|東京メトロ日比谷線|東京メトロ銀座線|都営大江戸線,JR東日本|東京メトロ|東京都交通局,5,C,35,駅データ.jp
1130222,1130222,秋葉原,秋葉原,東京都,千代田区,千代田区,東京都千代田区外神田一丁目17,35.698582,139.773919,JR中央・総武線|JR京浜東北線|JR山手線|つくばエクスプレス|東京メトロ日比谷線,JR東日本|東京メトロ|首都圏新都市鉄道,5,S,80,駅データ.jp
1130223,1130223,神田,秋葉原,東京都,千代田区,千代田区,東京都千代田区鍛冶町二丁目13-1,35.691777,139.770706,JR中央線(快速)|JR京浜東北線|JR山手線|東京メトロ銀座線,JR東日本|東京メトロ,4,C,30,駅データ.jp
1130225,1130225,有楽町,銀座,東京都,千代田区,千代田区,東京都千代田区有楽町二丁目9,35.675244,139.761629,JR京浜東北線|JR山手線|東京メトロ千代田線|東京メトロ日比谷線|東京メトロ有楽町線|都営三田線,JR東日本|東京メトロ|東京都交通局,6,A,60,駅データ.jp
1130227,1130227,浜松町,浜松町,東京都,港区,港区,東京都港区海岸一丁目3-1,35.655483,139.757006,JR京浜東北線|JR山手線|東京モノレール,JR東日本|東京モノレール,3,C,24,駅データ.jp
1130307,1130307,武蔵小杉,武蔵小杉,神奈川県,川崎市,川崎市中原区,川崎市中原区小杉町三丁目492,35.576215,139.660679,JR南武線|JR成田エクスプレス|JR横須賀線|JR湘南新宿ライン|東急東横線|東急目黒線|相鉄・JR直通線,JR東日本|東急電鉄|相模鉄道,7,A,60,駅データ.jp
1130310,1130310,武蔵溝ノ口,武蔵溝ノ口,神奈川県,川崎市,川崎市高津区,川崎市高津区溝口,35.599534,139.610788,JR南武線|東急大井町線|東急田園都市線,JR東日本|東急電鉄,3,C,24,駅データ.jp
1130320,1130320,府中本町,府中本町,東京都,府中市,府中市,府中市本町１丁目,35.665766,139.477142,JR南武線|JR武蔵野線,JR東日本,2,C,23,駅データ.jp
1130325,1130325,立川,立川,東京都,立川市,立川市,東京都立川市曙町二丁目1-1,35.698202,139.413704,JR中央本線(東京～塩尻)|JR中央線(快速)|JR南武線|JR青梅線,JR東日本,4,A,60,駅データ.jp
1130401,1130401,鶴見,鶴見,神奈川県,横浜市,横浜市鶴見区,横浜市鶴見区鶴見中央,35.507935,139.676674,JR京浜東北線|JR鶴見線|京急本線,JR東日本|京急電鉄,3,C,24,駅データ.jp
1130503,1130503,西国分寺,西国分寺,東京都,国分寺市,国分寺市,国分寺市西恋ケ窪２丁目,35.699744,139.465994,JR中央線(快速)|JR武蔵野線,JR東日本,2,C,23,駅データ.jp
1130508,1130508,北朝霞,北朝霞,埼玉県,朝霞市,朝霞市,朝霞市浜崎１丁目,35.814902,139.587255,JR武蔵野線|東武東上線,JR東日本|東武鉄道,2,C,23,駅データ.jp
1130513,1130513,東川口,東川口,埼玉県,川口市,川口市,川口市戸塚１丁目,35.875728,139.744034,JR武蔵野線|埼玉高速鉄道線,JR東日本|埼玉高速鉄道,2,C,23,駅データ.jp
1130514,1130514,南越谷,南越谷,埼玉県,越谷市,越谷市,越谷市南越谷１丁目,35.875646,139.790202,JR武蔵野線|東武伊勢崎線,JR東日本|東武鉄道,2,C,23,駅データ.jp
1130518,1130518,南流山,南流山,千葉県,流山市,流山市,流山市大字鰭ケ崎,35.838363,139.903568,JR武蔵野線|つくばエクスプレス,JR東日本|首都圏新都市鉄道,2,C,23,駅データ.jp
1130519,1130519,新松戸,新松戸,千葉県,松戸市,松戸市,松戸市幸谷,35.825859,139.920688,JR常磐線(上野～取手)|JR武蔵野線|流鉄流山線,JR東日本|流鉄,3,C,32,駅データ.jp
1130521,1130521,東松戸,東松戸,千葉県,松戸市,松戸市,千葉県松戸市紙敷,35.770173,139.943254,JR武蔵野線|北総鉄道北総線|成田スカイアクセス,JR東日本|京成電鉄|北総鉄道,3,C,32,駅データ.jp
1130524,1130524,西船橋,西船橋,千葉県,船橋市,船橋市,船橋市西船４丁目,35.707221,139.95931,JR中央・総武線|JR京葉線|JR武蔵野線|東京メトロ東西線|東葉高速線,JR東日本|東京メトロ|東葉高速鉄道,5,B,43,駅データ.jp
1130601,1130601,東神奈川,東神奈川,神奈川県,横浜市,横浜市神奈川区,横浜市神奈川区東神奈川,35.477831,139.633867,JR京浜東北線|JR横浜線|京急本線,JR東日本|京急電鉄,3,C,24,駅データ.jp
1130604,1130604,新横浜,新横浜,神奈川県,横浜市,横浜市港北区,横浜市港北区篠原町,35.508381,139.617509,JR横浜線|ブルーライン|東急新横浜線|相鉄新横浜線,JR東日本|東急電鉄|横浜市交通局|相模鉄道,4,B,40,駅データ.jp
1130609,1130609,長津田,長津田,神奈川県,横浜市,横浜市緑区,横浜市緑区長津田４丁目,35.531873,139.493925,JR横浜線|東急こどもの国線|東急田園都市線,JR東日本|東急電鉄,3,C,24,駅データ.jp
1130611,1130611,町田,町田,東京都,町田市,町田市,町田市原町田１丁目,35.543113,139.445407,JR横浜線|小田急線,JR東日本|小田急電鉄,2,A,60,駅データ.jp
1130616,1130616,橋本,橋本,神奈川県,相模原市,相模原市緑区,神奈川県相模原市緑区橋本六丁目1番25号,35.595156,139.344133,JR横浜線|JR相模線|京王相模原線,JR東日本|京王電鉄,3,C,24,駅データ.jp
1130620,1130620,八王子,八王子,東京都,八王子市,八王子市,東京都八王子市旭町1-1,35.655555,139.338998,JR中央本線(東京～塩尻)|JR中央線(快速)|JR八高線(八王子～高麗川)|JR横浜線,JR東日本,4,A,60,駅データ.jp
1130804,1130804,西大井,西大井,東京都,品川区,品川区,品川区西大井１丁目,35.601616,139.721729,JR横須賀線|JR湘南新宿ライン|相鉄・JR直通線,JR東日本|相模鉄道,3,C,24,駅データ.jp
1130812,1130812,鎌倉,鎌倉,神奈川県,鎌倉市,鎌倉市,鎌倉市小町１丁目,35.318642,139.550275,JR横須賀線|江ノ島電鉄線,JR東日本|江ノ島電鉄,2,C,23,駅データ.jp
1130910,1130910,海老名,海老名,神奈川県,海老名市,海老名市,海老名市上郷,35.453438,139.391095,JR相模線|小田急線|相鉄・JR直通線|相鉄本線,JR東日本|小田急電鉄|相模鉄道,4,C,38,駅データ.jp
1131102,1131102,四ツ谷,四ツ谷,東京都,新宿区,新宿区,東京都新宿区四谷一丁目,35.685748,139.730286,JR中央・総武線|JR中央本線(東京～塩尻)|JR中央線(快速)|東京メトロ丸ノ内線|東京メトロ南北線,JR東日本|東京メトロ,5,C,35,駅データ.jp
1131104,1131104,吉祥寺,吉祥寺,東京都,武蔵野市,武蔵野市,東京都武蔵野市吉祥寺南町,35.702912,139.5799,JR中央・総武線|JR中央本線(東京～塩尻)|JR中央線(快速)|京王井の頭線,JR東日本|京王電鉄,4,A,60,駅データ.jp
1131105,1131105,三鷹,三鷹,東京都,三鷹市,三鷹市,東京都三鷹市下連雀三丁目46-1,35.702683,139.560325,JR中央・総武線|JR中央本線(東京～塩尻)|JR中央線(快速),JR東日本,3,C,32,駅データ.jp
1131106,1131106,国分寺,国分寺,東京都,国分寺市,国分寺市,東京都国分寺市本町二丁目1-23,35.700301,139.480517,JR中央本線(東京～塩尻)|JR中央線(快速)|西武国分寺線|西武多摩湖線,JR東日本|西武鉄道,4,C,38,駅データ.jp
1131108,1131108,日野,日野,東京都,日野市,日野市,日野市大坂上１丁目,35.679244,139.39393,JR中央本線(東京～塩尻)|JR中央線(快速),JR東日本,2,C,23,駅データ.jp
1131111,1131111,西八王子,西八王子,東京都,八王子市,八王子市,八王子市千人町２丁目,35.656621,139.31264,JR中央本線(東京～塩尻)|JR中央線(快速),JR東日本,2,C,23,駅データ.jp
1131112,1131112,高尾,高尾,東京都,八王子市,八王子市,八王子市高尾町,35.641899,139.282042,JR中央本線(東京～塩尻)|JR中央線(快速)|京王高尾線,JR東日本|京王電鉄,3,C,24,駅データ.jp
1131120,1131120,大月,大月,山梨県,大月市,大月市,大月市大月１丁目,35.61308,138.942489,JR中央本線(東京～塩尻)|富士急行線,JR東日本|富士山麓電気鉄道,2,C,23,駅データ.jp
1131131,1131131,甲府,甲府,山梨県,甲府市,甲府市,甲府市丸の内１丁目,35.667054,138.569015,JR中央本線(東京～塩尻)|JR身延線,JR東日本|JR東海,2,C,38,駅データ.jp
1131153,1131153,塩尻,塩尻,長野県,塩尻市,塩尻市,塩尻市大門八番町９-１,36.114364,137.947961,JR中央本線(名古屋～塩尻)|JR中央本線(東京～塩尻)|JR篠ノ井線,JR東日本|JR東海,3,C,32,駅データ.jp
1131203,1131203,御茶ノ水,秋葉原,東京都,千代田区,千代田区,千代田区神田駿河台二丁目6-1,35.698052,139.765676,JR中央・総武線|JR中央線(快速)|東京メトロ丸ノ内線|東京メトロ千代田線|都営新宿線,JR東日本|東京メトロ|東京都交通局,5,C,35,駅データ.jp
1131214,1131214,中野,中野,東京都,中野区,中野区,中野区中野５丁目,35.705765,139.665835,JR中央・総武線|JR中央線(快速)|東京メトロ東西線,JR東日本|東京メトロ,3,A,60,駅データ.jp
1131217,1131217,荻窪,荻窪,東京都,杉並区,杉並区,杉並区上荻１丁目,35.70445,139.620111,JR中央・総武線|JR中央線(快速)|東京メトロ丸ノ内線,JR東日本|東京メトロ,3,C,24,駅データ.jp
1131308,1131308,東中野,東中野,東京都,中野区,中野区,中野区東中野４丁目,35.70671,139.683712,JR中央・総武線|都営大江戸線,JR東日本|東京都交通局,2,C,23,駅データ.jp
1131315,1131315,市ケ谷,四ツ谷,東京都,千代田区,千代田区,千代田区五番町2-1,35.691729,139.736465,JR中央・総武線|東京メトロ南北線|東京メトロ有楽町線|都営新宿線,JR東日本|東京メトロ|東京都交通局,4,C,30,駅データ.jp
1131316,1131316,飯田橋,飯田橋,東京都,千代田区,千代田区,東京都千代田区飯田橋四丁目10-2,35.702071,139.744693,JR中央・総武線|東京メトロ南北線|東京メトロ有楽町線|東京メトロ東西線|都営大江戸線,JR東日本|東京メトロ|東京都交通局,5,C,35,駅データ.jp
1131322,1131322,錦糸町,錦糸町,東京都,墨田区,墨田区,墨田区江東橋３丁目,35.697061,139.814404,JR中央・総武線|JR総武本線|東京メトロ半蔵門線,JR東日本|東京メトロ,3,A,60,駅データ.jp
1131327,1131327,市川,市川,千葉県,市川市,市川市,市川市市川１丁目,35.728903,139.908142,JR中央・総武線|JR総武本線,JR東日本,2,C,23,駅データ.jp
1131328,1131328,本八幡,本八幡,千葉県,市川市,市川市,市川市八幡２丁目,35.722546,139.927399,JR中央・総武線|京成本線|都営新宿線,JR東日本|京成電鉄|東京都交通局,3,C,24,駅データ.jp
1131331,1131331,船橋,船橋,千葉県,船橋市,船橋市,船橋市本町７丁目,35.701498,139.984806,JR中央・総武線|JR総武本線|京成本線|東武アーバンパークライン（東武野田線）,JR東日本|京成電鉄|東武鉄道,4,A,60,駅データ.jp
1131339,1131339,千葉,千葉,千葉県,千葉市,千葉市中央区,千葉市中央区新千葉１丁目,35.612862,140.113341,JR中央・総武線|JR内房線|JR外房線|JR成田エクスプレス|JR総武本線|京成千葉線|千葉都市モノレール１号線|千葉都市モノレール２号線,JR東日本|京成電鉄|千葉都市モノレール,8,S,80,駅データ.jp
1131402,1131402,新日本橋,東京,東京都,中央区,中央区,中央区日本橋室町４丁目,35.686899,139.773324,JR総武本線|東京メトロ半蔵門線|東京メトロ銀座線,JR東日本|東京メトロ,3,C,24,駅データ.jp
1131403,1131403,馬喰町,馬喰町,東京都,中央区,中央区,中央区日本橋馬喰町１丁目,35.692537,139.783323,JR総武本線|都営新宿線|都営浅草線,JR東日本|東京都交通局,3,C,24,駅データ.jp
1131415,1131415,佐倉,佐倉,千葉県,佐倉市,佐倉市,佐倉市六崎,35.709743,140.226722,JR成田エクスプレス|JR成田線|JR総武本線,JR東日本,3,C,32,駅データ.jp
1131431,1131431,銚子,銚子,千葉県,銚子市,銚子市,銚子市西芝町１丁目,35.729449,140.827557,JR成田線|JR総武本線|銚子電鉄線,JR東日本|銚子電気鉄道,3,C,32,駅データ.jp
1131506,1131506,拝島,拝島,東京都,昭島市,昭島市,昭島市松原町４丁目,35.721278,139.343468,JR五日市線|JR八高線(八王子～高麗川)|JR青梅線|西武拝島線,JR東日本|西武鉄道,4,C,30,駅データ.jp
1131708,1131708,東飯能,東飯能,埼玉県,飯能市,飯能市,飯能市東町１丁目,35.852928,139.325965,JR八高線(八王子～高麗川)|西武池袋線|西武秩父線,JR東日本|西武鉄道,3,C,32,駅データ.jp
1131709,1131709,高麗川,高麗川,埼玉県,日高市,日高市,日高市原宿,35.896328,139.33809,JR八高線(八王子～高麗川)|JR八高線(高麗川～高崎)|JR川越線,JR東日本,3,C,24,駅データ.jp
1131808,1131808,寄居,寄居,埼玉県,大里郡寄居町,大里郡寄居町,大里郡寄居町大字寄居,36.117804,139.19431,JR八高線(高麗川～高崎)|東武東上線|秩父鉄道秩父本線,JR東日本|東武鉄道|秩父鉄道,3,C,24,駅データ.jp
1131816,1131816,高崎,高崎,群馬県,高崎市,高崎市,高崎市八島町,36.322004,139.012332,JR上越線|JR両毛線|JR信越本線|JR八高線(高麗川～高崎)|JR高崎線|上信電鉄,JR東日本|上信電鉄,6,B,53,駅データ.jp
1131903,1131903,赤羽,赤羽,東京都,北区,北区,北区赤羽１丁目,35.778026,139.720928,JR京浜東北線|JR埼京線|JR湘南新宿ライン|JR高崎線|宇都宮線,JR東日本,5,C,35,駅データ.jp
1131904,1131904,浦和,浦和,埼玉県,さいたま市,さいたま市浦和区,さいたま市浦和区高砂１丁目,35.858496,139.657109,JR京浜東北線|JR湘南新宿ライン|JR高崎線|宇都宮線,JR東日本,4,A,60,駅データ.jp
1131905,1131905,さいたま新都心,さいたま新都心,埼玉県,さいたま市,さいたま市大宮区,さいたま市大宮区吉敷町４丁目５７番地３,35.893867,139.633587,JR京浜東北線|JR高崎線|宇都宮線,JR東日本,3,C,24,駅データ.jp
1131906,1131906,大宮,大宮,埼玉県,さいたま市,さいたま市大宮区,さいたま市大宮区錦町,35.906718,139.623912,JR京浜東北線|JR埼京線|JR川越線|JR湘南新宿ライン|JR高崎線|ニューシャトル|宇都宮線|東武アーバンパークライン（東武野田線）,JR東日本|埼玉新都市交通|東武鉄道,8,S,80,駅データ.jp
1131912,1131912,久喜,久喜,埼玉県,久喜市,久喜市,久喜市中央２丁目,36.065684,139.67727,宇都宮線|東武伊勢崎線,JR東日本|東武鉄道,2,C,23,駅データ.jp
1131918,1131918,小山,小山,栃木県,小山市,小山市,小山市城山町,36.312747,139.806241,JR両毛線|JR水戸線|宇都宮線,JR東日本,3,B,42,駅データ.jp
1131923,1131923,宇都宮,宇都宮,栃木県,宇都宮市,宇都宮市,宇都宮市川向町,36.559197,139.898773,JR日光線|宇都宮線|芳賀・宇都宮LRT,JR東日本|宇都宮ライトレール,3,B,57,駅データ.jp
1131932,1131932,那須塩原,那須塩原,栃木県,那須塩原市,那須塩原市,那須塩原市大原間,36.931956,140.020694,宇都宮線,JR東日本,1,C,23,駅データ.jp
1132004,1132004,南千住,南千住,東京都,荒川区,荒川区,荒川区南千住４丁目,35.733281,139.799152,JR常磐線(上野～取手)|つくばエクスプレス|東京メトロ日比谷線,JR東日本|東京メトロ|首都圏新都市鉄道,3,C,24,駅データ.jp
1132005,1132005,北千住,北千住,東京都,足立区,足立区,足立区千住旭町,35.749378,139.804816,JR常磐線(上野～取手)|つくばエクスプレス|東京メトロ千代田線|東京メトロ日比谷線|東武伊勢崎線,JR東日本|東京メトロ|東武鉄道|首都圏新都市鉄道,5,A,60,駅データ.jp
1132009,1132009,松戸,松戸,千葉県,松戸市,松戸市,松戸市松戸,35.784472,139.900779,JR常磐線(上野～取手)|京成松戸線,JR東日本|京成電鉄,2,A,60,駅データ.jp
1132015,1132015,柏,柏,千葉県,柏市,柏市,柏市柏１,35.862316,139.971148,JR常磐線(上野～取手)|東武アーバンパークライン（東武野田線）,JR東日本|東武鉄道,2,A,60,駅データ.jp
1132017,1132017,我孫子,我孫子,千葉県,我孫子市,我孫子市,我孫子市本町２丁目,35.87279,140.010466,JR常磐線(上野～取手)|JR成田線,JR東日本,2,C,23,駅データ.jp
1132123,1132123,川越,川越,埼玉県,川越市,川越市,川越市脇田町,35.906742,139.483078,JR川越線|東武東上線,JR東日本|東武鉄道,2,C,23,駅データ.jp
1132316,1132316,熊谷,熊谷,埼玉県,熊谷市,熊谷市,熊谷市筑波２丁目,36.13947,139.389535,JR高崎線|秩父鉄道秩父本線,JR東日本|秩父鉄道,2,C,33,駅データ.jp
1132403,1132403,蘇我,蘇我,千葉県,千葉市,千葉市中央区,千葉市中央区今井２丁目,35.582065,140.130767,JR京葉線|JR内房線|JR外房線,JR東日本,3,C,24,駅データ.jp
1132427,1132427,安房鴨川,安房鴨川,千葉県,鴨川市,鴨川市,鴨川市横渚,35.107465,140.103566,JR内房線|JR外房線,JR東日本,2,C,23,駅データ.jp
1132511,1132511,木更津,木更津,千葉県,木更津市,木更津市,木更津市富士見１丁目,35.381668,139.92611,JR久留里線|JR内房線,JR東日本,2,C,23,駅データ.jp
1132605,1132605,新木場,新木場,東京都,江東区,江東区,東京都江東区新木場一丁目5,35.646059,139.827019,JR京葉線|りんかい線|東京メトロ有楽町線,JR東日本|東京メトロ|東京臨海高速鉄道,3,C,24,駅データ.jp
1132617,1132617,千葉みなと,千葉みなと,千葉県,千葉市,千葉市中央区,千葉市中央区中央港１丁目,35.606985,140.1028,JR京葉線|千葉都市モノレール１号線|千葉都市モノレール２号線,JR東日本|千葉都市モノレール,3,C,24,駅データ.jp
1132703,1132703,成田,成田,千葉県,成田市,成田市,成田市花崎町,35.7773,140.314393,JR成田エクスプレス|JR成田線|京成本線,JR東日本|京成電鉄,3,B,42,駅データ.jp
1132705,1132705,成田空港（第１旅客ターミナル）,成田空港（第１旅客ターミナル）,千葉県,成田市,成田市,千葉県成田市三里塚御料牧場1-1,35.763983,140.384644,JR成田エクスプレス|JR成田線|京成本線|成田スカイアクセス,JR東日本|京成電鉄,4,C,38,駅データ.jp
1132711,1132711,香取,香取,千葉県,香取市,香取市,香取市津宮,35.897856,140.532367,JR成田線|JR鹿島線,JR東日本,2,C,23,駅データ.jp
1132813,1132813,空港第２ビル（第２旅客ターミナル）,空港第２ビル（第２旅客ターミナル）,千葉県,成田市,成田市,千葉県成田市古込字古込1-1,35.773602,140.38734,JR成田エクスプレス|JR成田線|京成本線|成田スカイアクセス,JR東日本|京成電鉄,4,C,30,駅データ.jp
1133212,1133212,王子,王子,東京都,北区,北区,北区王子１丁目,35.753075,139.737995,JR京浜東北線|東京さくらトラム（都電荒川線）|東京メトロ南北線,JR東日本|東京メトロ|東京都交通局,3,C,24,駅データ.jp
1133228,1133228,大井町,大井町,東京都,品川区,品川区,品川区大井１丁目,35.607109,139.734967,JR京浜東北線|りんかい線|東急大井町線,JR東日本|東京臨海高速鉄道|東急電鉄,3,C,24,駅データ.jp
1133230,1133230,蒲田,蒲田,東京都,大田区,大田区,大田区蒲田５丁目,35.562017,139.715095,JR京浜東北線|東急多摩川線|東急池上線,JR東日本|東急電鉄,3,A,60,駅データ.jp
1133501,1133501,渋川,渋川,群馬県,渋川市,渋川市,渋川市渋川,36.491251,139.008786,JR上越線|JR吾妻線,JR東日本,2,C,23,駅データ.jp
1133907,1133907,下館,下館,茨城県,筑西市,筑西市,茨城県筑西市乙86,36.304144,139.978503,JR水戸線|真岡鐵道真岡線|関東鉄道常総線,JR東日本|真岡鐵道|関東鉄道,3,C,24,駅データ.jp
1134007,1134007,日光,日光,栃木県,日光市,日光市,日光市相生町,36.747816,139.62095,JR日光線|東武日光線,JR東日本|東武鉄道,2,C,23,駅データ.jp
1134102,1134102,高崎問屋町,高崎問屋町,群馬県,高崎市,高崎市,高崎市貝沢町７１５番地,36.346097,139.017089,JR上越線|JR両毛線,JR東日本,2,C,23,駅データ.jp
1134104,1134104,新前橋,新前橋,群馬県,前橋市,前橋市,前橋市古市町,36.378936,139.046924,JR上越線|JR両毛線,JR東日本,2,C,23,駅データ.jp
1134105,1134105,前橋,前橋,群馬県,前橋市,前橋市,前橋市表町２丁目,36.383399,139.072833,JR両毛線,JR東日本,1,C,28,駅データ.jp
1134108,1134108,伊勢崎,伊勢崎,群馬県,伊勢崎市,伊勢崎市,伊勢崎市曲輪町３丁目,36.326735,139.194131,JR両毛線|東武伊勢崎線,JR東日本|東武鉄道,2,C,23,駅データ.jp
1134111,1134111,桐生,桐生,群馬県,桐生市,桐生市,桐生市末広町,36.41109,139.33319,JR両毛線|わたらせ渓谷線,JR東日本|わたらせ渓谷鐵道,2,C,23,駅データ.jp
1134116,1134116,佐野,佐野,栃木県,佐野市,佐野市,佐野市若松町,36.316776,139.578842,JR両毛線|東武佐野線,JR東日本|東武鉄道,2,C,23,駅データ.jp
1134119,1134119,栃木,栃木,栃木県,栃木市,栃木市,栃木市河合町１丁目,36.371912,139.731037,JR両毛線|東武宇都宮線|東武日光線,JR東日本|東武鉄道,3,C,32,駅データ.jp
1134236,1134236,長岡,長岡,新潟県,長岡市,長岡市,長岡市城内町２丁目,37.447787,138.853927,JR上越線|JR信越本線(直江津～新潟),JR東日本,2,C,33,駅データ.jp
1140131,1140131,小諸,小諸,長野県,小諸市,小諸市,小諸市相生町,36.32662,138.421868,しなの鉄道線|小海線,JR東日本|しなの鉄道,2,C,23,駅データ.jp
1140201,1140201,富士,富士,静岡県,富士市,富士市,富士市本町１丁目,35.151497,138.651225,JR東海道本線(熱海～浜松)|JR身延線,JR東海,2,C,23,駅データ.jp
1140301,1140301,篠ノ井,篠ノ井,長野県,長野市,長野市,長野市篠ノ井布施高田,36.5771,138.138046,JR信越本線(篠ノ井～長野)|JR篠ノ井線|しなの鉄道線,JR東日本|しなの鉄道,3,C,24,駅データ.jp
1140305,1140305,長野,長野,長野県,長野市,長野市,長野市大字栗田１０３８番地,36.643566,138.188925,JR信越本線(篠ノ井～長野)|JR飯山線|北しなの線|長野電鉄長野線,JR東日本|しなの鉄道|長野電鉄,4,A,63,駅データ.jp
1140306,1140306,北長野,北長野,長野県,長野市,長野市,長野市中越,36.665123,138.222534,JR飯山線|北しなの線,JR東日本|しなの鉄道,2,C,23,駅データ.jp
1140312,1140312,妙高高原,妙高高原,新潟県,妙高市,妙高市,妙高市田口,36.872175,138.211953,北しなの線|妙高はねうまライン,えちごトキめき鉄道|しなの鉄道,2,C,23,駅データ.jp
1140317,1140317,上越妙高,上越妙高,新潟県,上越市,上越市,上越市大字脇野田,37.081813,138.249476,妙高はねうまライン,えちごトキめき鉄道,1,C,23,駅データ.jp
1140321,1140321,直江津,直江津,新潟県,上越市,上越市,上越市東町１丁目,37.170251,138.242265,JR信越本線(直江津～新潟)|妙高はねうまライン|日本海ひすいライン,JR東日本|えちごトキめき鉄道,3,C,24,駅データ.jp
1140412,1140412,柏崎,柏崎,新潟県,柏崎市,柏崎市,柏崎市駅前１丁目,37.363495,138.556303,JR信越本線(直江津～新潟)|JR越後線,JR東日本,2,C,23,駅データ.jp
1140430,1140430,東三条,東三条,新潟県,三条市,三条市,三条市東三条１丁目,37.628491,138.973703,JR信越本線(直江津～新潟)|JR弥彦線,JR東日本,2,C,23,駅データ.jp
1140442,1140442,新潟,新潟,新潟県,新潟市,新潟市中央区,新潟市中央区花園１丁目,37.912299,139.060869,JR信越本線(直江津～新潟)|JR白新線|JR越後線,JR東日本,3,B,49,駅データ.jp
1140501,1140501,富山,富山,富山県,富山市,富山市,富山市明輪町,36.701065,137.213307,JR高山本線|あいの風とやま鉄道線|富山地鉄不二越・上滝線|富山地鉄富山都心線【３系統(環状線)】|富山地鉄市内線【１・２系統】|富山地鉄本線|富山港線,JR東海|あいの風とやま鉄道|富山地方鉄道,7,A,68,駅データ.jp
1140504,1140504,滑川,滑川,富山県,滑川市,滑川市,滑川市辰野,36.769137,137.348671,あいの風とやま鉄道線|富山地鉄本線,あいの風とやま鉄道|富山地方鉄道,2,C,23,駅データ.jp
1140506,1140506,新魚津,新魚津,富山県,魚津市,魚津市,魚津市釈迦堂,36.826495,137.405576,あいの風とやま鉄道線|富山地鉄本線,あいの風とやま鉄道|富山地方鉄道,2,C,23,駅データ.jp
1140516,1140516,糸魚川,糸魚川,新潟県,糸魚川市,糸魚川市,糸魚川市大町１丁目,37.043631,137.861311,北アルプス線|日本海ひすいライン,JR東日本|えちごトキめき鉄道,2,C,33,駅データ.jp
1140710,1140710,飯山,飯山,長野県,飯山市,飯山市,飯山市大字飯山,36.847642,138.359335,JR飯山線,JR東日本,1,C,23,駅データ.jp
1140729,1140729,十日町,十日町,新潟県,十日町市,十日町市,十日町市丑,37.134562,138.756188,JR飯山線|北越急行ほくほく線,JR東日本|北越急行,2,C,23,駅データ.jp
1140901,1140901,松本,松本,長野県,松本市,松本市,松本市深志１丁目,36.230622,137.964249,JR篠ノ井線|上高地線|北アルプス線,JR東日本|アルピコ交通,3,C,32,駅データ.jp
1141006,1141006,燕三条,燕三条,新潟県,三条市,三条市,三条市下須頃,37.648824,138.939274,JR弥彦線,JR東日本,1,C,23,駅データ.jp
1141101,1141101,名古屋,名古屋,愛知県,名古屋市,名古屋市中村区,名古屋市中村区名駅１丁目４番,35.169977,136.883022,JR中央本線(名古屋～塩尻)|JR東海道本線(浜松～岐阜)|JR関西本線(名古屋～亀山)|あおなみ線|名古屋市営地下鉄東山線|名古屋市営地下鉄桜通線|名鉄名古屋本線|名鉄常滑線|名鉄犬山線|近鉄名古屋線,JR東海|名古屋市交通局|名古屋臨海高速鉄道|名古屋鉄道|近畿日本鉄道,10,S,80,駅データ.jp
1141102,1141102,金山,金山,愛知県,名古屋市,名古屋市中区,名古屋市中区金山一丁目17-18,35.143172,136.901182,JR中央本線(名古屋～塩尻)|JR東海道本線(浜松～岐阜)|名古屋市営地下鉄名城線|名古屋市営地下鉄名港線|名鉄名古屋本線|名鉄常滑線,JR東海|名古屋市交通局|名古屋鉄道,6,A,60,駅データ.jp
1141105,1141105,大曽根,大曽根,愛知県,名古屋市,名古屋市東区,名古屋市東区東大曽根町,35.191716,136.937178,JR中央本線(名古屋～塩尻)|ゆとりーとライン|名古屋市営地下鉄名城線|名鉄瀬戸線,JR東海|名古屋ガイドウェイバス|名古屋市交通局|名古屋鉄道,4,C,30,駅データ.jp
1141113,1141113,多治見,多治見,岐阜県,多治見市,多治見市,多治見市音羽町２丁目,35.334774,137.120294,JR中央本線(名古屋～塩尻)|JR太多線,JR東海,2,C,23,駅データ.jp
1141118,1141118,恵那,恵那,岐阜県,恵那市,恵那市,恵那市大井町神ノ木,35.455188,137.408114,JR中央本線(名古屋～塩尻)|明知鉄道明知線,JR東海|明知鉄道,2,C,23,駅データ.jp
1141301,1141301,豊橋,豊橋,愛知県,豊橋市,豊橋市,豊橋市花田町西宿,34.762871,137.382578,JR東海道本線(浜松～岐阜)|JR飯田線(豊橋～天竜峡)|名鉄名古屋本線|豊橋鉄道東田本線|豊橋鉄道渥美線,JR東海|名古屋鉄道|豊橋鉄道,5,B,53,駅データ.jp
1141306,1141306,豊川,豊川,愛知県,豊川市,豊川市,豊川市豊川町,34.822137,137.396608,JR飯田線(豊橋～天竜峡)|名鉄豊川線,JR東海|名古屋鉄道,2,C,23,駅データ.jp
1141501,1141501,米原,米原,滋賀県,米原市,米原市,米原市米原,35.314637,136.290268,JR北陸本線(米原～敦賀)|JR東海道本線(岐阜～美濃赤坂・米原)|琵琶湖線|近江鉄道本線,JR東海|JR西日本|近江鉄道,4,B,48,駅データ.jp
1141512,1141512,敦賀,敦賀,福井県,敦賀市,敦賀市,敦賀市鉄輪町１丁目,35.644898,136.076423,JR北陸本線(米原～敦賀)|JR小浜線|ハピラインふくい線,JR西日本|ハピラインふくい,3,B,42,駅データ.jp
1141523,1141523,福井,福井,福井県,福井市,福井市,福井市中央１丁目,36.061881,136.223043,えちぜん鉄道三国芦原線|えちぜん鉄道勝山永平寺線|ハピラインふくい線|九頭竜線|福井鉄道福武線,JR西日本|えちぜん鉄道|ハピラインふくい|福井鉄道,5,A,68,駅データ.jp
1141542,1141542,新西金沢,新西金沢,石川県,金沢市,金沢市,金沢市米泉町７,36.55314,136.621957,IRいしかわ鉄道線|北陸鉄道石川線,IRいしかわ鉄道|北陸鉄道,2,C,23,駅データ.jp
1141543,1141543,北鉄金沢,北鉄金沢,石川県,金沢市,金沢市,金沢市堀川町,36.578377,136.648845,IRいしかわ鉄道線|北陸鉄道浅野川線,IRいしかわ鉄道|北陸鉄道,2,C,23,駅データ.jp
1141549,1141549,福岡,福岡,富山県,高岡市,高岡市,高岡市福岡町下蓑,36.708239,136.932079,あいの風とやま鉄道線,あいの風とやま鉄道,1,C,20,駅データ.jp
1141551,1141551,高岡,高岡,富山県,高岡市,高岡市,高岡市下関町,36.741254,137.015136,JR城端線|JR氷見線|あいの風とやま鉄道線|万葉線,JR西日本|あいの風とやま鉄道|万葉線,4,C,38,駅データ.jp
1141601,1141601,岐阜,岐阜,岐阜県,岐阜市,岐阜市,岐阜市橋本町１丁目,35.409532,136.756514,JR東海道本線(岐阜～美濃赤坂・米原)|JR東海道本線(浜松～岐阜)|JR高山本線,JR東海,3,B,47,駅データ.jp
1141606,1141606,鵜沼,鵜沼,岐阜県,各務原市,各務原市,各務原市鵜沼山崎町３丁目,35.397165,136.944583,JR高山本線|名鉄各務原線|名鉄犬山線,JR東海|名古屋鉄道,3,C,24,駅データ.jp
1141608,1141608,美濃太田,美濃太田,岐阜県,美濃加茂市,美濃加茂市,美濃加茂市太田町立石,35.445617,137.019467,JR太多線|JR高山本線|長良川鉄道越美南線,JR東海|長良川鉄道,3,C,24,駅データ.jp
1141907,1141907,高松,高松,石川県,かほく市,かほく市,かほく市内高松,36.768541,136.728823,JR七尾線,JR西日本,1,C,20,駅データ.jp
1141919,1141919,七尾,七尾,石川県,七尾市,七尾市,七尾市御祓町,37.041613,136.964501,JR七尾線|のと鉄道七尾線,JR西日本|のと鉄道,2,C,23,駅データ.jp
1142201,1142201,東舞鶴,東舞鶴,京都府,舞鶴市,舞鶴市,舞鶴市浜,35.468601,135.394788,JR小浜線|JR舞鶴線,JR西日本,2,C,23,駅データ.jp
1150103,1150103,三島,三島,静岡県,三島市,三島市,三島市一番町,35.126099,138.911251,JR東海道本線(熱海～浜松)|伊豆箱根鉄道駿豆線,JR東海|伊豆箱根鉄道,2,C,33,駅データ.jp
1150104,1150104,沼津,沼津,静岡県,沼津市,沼津市,沼津市大手町１丁目,35.103011,138.860104,JR御殿場線|JR東海道本線(熱海～浜松),JR東海,2,C,23,駅データ.jp
1150118,1150118,静岡,静岡,静岡県,静岡市,静岡市葵区,静岡市葵区黒金町,34.971629,138.388579,JR東海道本線(熱海～浜松),JR東海,1,A,60,駅データ.jp
1150128,1150128,掛川,掛川,静岡県,掛川市,掛川市,掛川市南西郷,34.769515,138.014596,JR東海道本線(熱海～浜松)|天竜浜名湖線,JR東海|天竜浜名湖鉄道,2,C,33,駅データ.jp
1150201,1150201,浜松,浜松,静岡県,浜松市,浜松市中央区,浜松市中央区砂山町6-2,34.703711,137.733991,JR東海道本線(浜松～岐阜)|JR東海道本線(熱海～浜松)|遠州鉄道鉄道線,JR東海|遠州鉄道,3,A,60,駅データ.jp
1150215,1150215,蒲郡,蒲郡,愛知県,蒲郡市,蒲郡市,蒲郡市元町,34.822911,137.226287,JR東海道本線(浜松～岐阜)|名鉄蒲郡線,JR東海|名古屋鉄道,2,C,23,駅データ.jp
1150219,1150219,岡崎,岡崎,愛知県,岡崎市,岡崎市,岡崎市羽根町東荒子,34.925417,137.157243,JR東海道本線(浜松～岐阜)|愛知環状鉄道線,JR東海|愛知環状鉄道,2,C,23,駅データ.jp
1150222,1150222,三河安城,三河安城,愛知県,安城市,安城市,安城市二本木町二ツ池,34.96968,137.060918,JR東海道本線(浜松～岐阜),JR東海,1,C,23,駅データ.jp
1150224,1150224,刈谷,刈谷,愛知県,刈谷市,刈谷市,刈谷市桜町１丁目,34.99102,137.00876,JR東海道本線(浜松～岐阜)|名鉄三河線,JR東海|名古屋鉄道,2,C,23,駅データ.jp
1150226,1150226,大府,大府,愛知県,大府市,大府市,大府市中央町３丁目,35.008665,136.961727,JR東海道本線(浜松～岐阜)|JR武豊線,JR東海,2,C,23,駅データ.jp
1150237,1150237,尾張一宮,尾張一宮,愛知県,一宮市,一宮市,一宮市栄３丁目,35.301615,136.797339,JR東海道本線(浜松～岐阜)|名鉄名古屋本線|名鉄尾西線,JR東海|名古屋鉄道,3,C,32,駅データ.jp
1150304,1150304,大垣,大垣,岐阜県,大垣市,大垣市,大垣市高屋町１丁目,35.366952,136.617849,JR東海道本線(岐阜～美濃赤坂・米原)|樽見鉄道樽見線|養老鉄道養老線,JR東海|樽見鉄道|養老鉄道,3,C,32,駅データ.jp
1150406,1150406,伊東,伊東,静岡県,伊東市,伊東市,伊東市湯川３丁目,34.9747,139.092125,JR伊東線|伊豆急行線,JR東日本|伊豆急行,2,C,23,駅データ.jp
1150706,1150706,可児,可児,岐阜県,可児市,可児市,可児市下恵土,35.423057,137.055483,JR太多線|名鉄広見線,JR東海|名古屋鉄道,2,C,23,駅データ.jp
1150802,1150802,八田,八田,愛知県,名古屋市,名古屋市中川区,名古屋市中川区八田町字下長田,35.149182,136.853331,JR関西本線(名古屋～亀山)|名古屋市営地下鉄東山線|近鉄名古屋線,JR東海|名古屋市交通局|近畿日本鉄道,3,C,24,駅データ.jp
1150806,1150806,弥富,弥富,愛知県,弥富市,弥富市,弥富市鯏浦町中六,35.113895,136.726322,JR関西本線(名古屋～亀山)|名鉄尾西線|近鉄名古屋線,JR東海|名古屋鉄道|近畿日本鉄道,3,C,32,駅データ.jp
1150808,1150808,桑名,桑名,三重県,桑名市,桑名市,桑名市東方,35.067011,136.683684,JR関西本線(名古屋～亀山)|三岐鉄道北勢線|近鉄名古屋線|養老鉄道養老線,JR東海|三岐鉄道|近畿日本鉄道|養老鉄道,4,C,38,駅データ.jp
1150818,1150818,亀山,亀山,三重県,亀山市,亀山市,亀山市御幸町,34.850103,136.450451,JR紀勢本線|JR関西本線(亀山～加茂)|JR関西本線(名古屋～亀山),JR東海|JR西日本,3,C,32,駅データ.jp
1150907,1150907,伊賀上野,伊賀上野,三重県,伊賀市,伊賀市,伊賀市三田,34.789085,136.122962,JR関西本線(亀山～加茂)|伊賀鉄道伊賀線,JR西日本|伊賀鉄道,2,C,23,駅データ.jp
1151004,1151004,津,津,三重県,津市,津市,津市羽所町,34.734211,136.510436,JR紀勢本線|伊勢鉄道伊勢線|近鉄名古屋線,JR東海|伊勢鉄道|近畿日本鉄道,3,B,47,駅データ.jp
1151008,1151008,松阪,松阪,三重県,松阪市,松阪市,松阪市京町,34.577168,136.535948,JR名松線|JR紀勢本線|近鉄山田線,JR東海|近畿日本鉄道,3,C,32,駅データ.jp
1151041,1151041,新宮,新宮,和歌山県,新宮市,新宮市,新宮市新宮,33.725119,135.994099,JR紀勢本線|きのくに線,JR東海|JR西日本,2,C,23,駅データ.jp
1151106,1151106,貴生川,貴生川,滋賀県,甲賀市,甲賀市,甲賀市水口町虫生野,34.952241,136.153903,JR草津線|信楽高原鐵道信楽線|近江鉄道本線,JR西日本|信楽高原鐵道|近江鉄道,3,C,24,駅データ.jp
1151111,1151111,草津,草津,滋賀県,草津市,草津市,草津市渋川１丁目,35.022913,135.962744,JR草津線|琵琶湖線,JR西日本,2,C,23,駅データ.jp
1151206,1151206,伊勢市,伊勢市,三重県,伊勢市,伊勢市,伊勢市吹上１丁目,34.491673,136.709908,JR参宮線|近鉄山田線,JR東海|近畿日本鉄道,2,C,23,駅データ.jp
1151211,1151211,鳥羽,鳥羽,三重県,鳥羽市,鳥羽市,鳥羽市鳥羽１,34.486667,136.843008,JR参宮線|近鉄志摩線|近鉄鳥羽線,JR東海|近畿日本鉄道,3,C,32,駅データ.jp
1160102,1160102,彦根,彦根,滋賀県,彦根市,彦根市,彦根市古沢町,35.271997,136.263439,琵琶湖線|近江鉄道本線,JR西日本|近江鉄道,2,C,23,駅データ.jp
1160108,1160108,近江八幡,近江八幡,滋賀県,近江八幡市,近江八幡市,近江八幡市鷹飼町,35.122588,136.102763,琵琶湖線|近江鉄道八日市線,JR西日本|近江鉄道,2,C,23,駅データ.jp
1160118,1160118,大津,大津,滋賀県,大津市,大津市,大津市春日町,35.002997,135.864651,琵琶湖線,JR西日本,1,C,28,駅データ.jp
1160119,1160119,山科,山科,京都府,京都市,京都市山科区,京都市山科区安朱北屋敷町,34.992186,135.816876,JR湖西線|京都市営地下鉄東西線|京阪京津線|琵琶湖線,JR西日本|京都市交通局|京阪電鉄,4,C,30,駅データ.jp
1160120,1160120,京都,京都,京都府,京都市,京都市下京区,京都市下京区烏丸通塩小路下ル東塩小路町,34.985555,135.75785,JR京都線|JR湖西線|京都市営地下鉄烏丸線|奈良線|嵯峨野線|琵琶湖線|近鉄京都線,JR西日本|京都市交通局|近畿日本鉄道,7,S,80,駅データ.jp
1160213,1160213,新大阪,新大阪,大阪府,大阪市,大阪市淀川区,大阪市淀川区西中島５丁目,34.733512,135.500173,JR京都線|おおさか東線|大阪メトロ御堂筋線,JR西日本|Osaka Metro,3,A,60,駅データ.jp
1160214,1160214,大阪,大阪,大阪府,大阪市,大阪市北区,大阪市北区梅田３丁目,34.702503,135.496742,JR京都線|JR宝塚線|JR東西線|JR神戸線(大阪～神戸)|おおさか東線|大阪メトロ四つ橋線|大阪メトロ御堂筋線|大阪メトロ谷町線|大阪環状線|阪急京都本線|阪急宝塚本線|阪急神戸本線|阪神本線,JR西日本|Osaka Metro|阪急電鉄|阪神電鉄,13,S,80,駅データ.jp
1160303,1160303,尼崎,尼崎,兵庫県,尼崎市,尼崎市,兵庫県尼崎市潮江一丁目1-1,34.731791,135.431685,JR宝塚線|JR東西線|JR神戸線(大阪～神戸),JR西日本,3,C,32,駅データ.jp
1160313,1160313,三ノ宮,三ノ宮,兵庫県,神戸市,神戸市中央区,神戸市中央区布引町,34.693576,135.194249,JR神戸線(大阪～神戸)|ポートライナー|夢かもめ|神戸市営地下鉄山手線|神戸高速東西線|阪急神戸本線|阪神本線,JR西日本|神戸市交通局|神戸新交通|神戸高速鉄道|阪急電鉄|阪神電鉄,7,S,80,駅データ.jp
1160314,1160314,元町,三ノ宮,兵庫県,神戸市,神戸市中央区,神戸市中央区元町高架通り,34.68962,135.187385,JR神戸線(大阪～神戸)|神戸高速東西線|阪神本線,JR西日本|神戸高速鉄道|阪神電鉄,3,C,24,駅データ.jp
1160315,1160315,神戸,神戸,兵庫県,神戸市,神戸市中央区,神戸市中央区相生町３丁目,34.679153,135.178366,JR神戸線(大阪～神戸)|JR神戸線(神戸～姫路)|夢かもめ,JR西日本|神戸市交通局,3,C,39,駅データ.jp
1160503,1160503,大津京,大津京,滋賀県,大津市,大津市,大津市皇子が丘２丁目,35.023584,135.856395,JR湖西線|京阪石山坂本線,JR西日本|京阪電鉄,2,C,23,駅データ.jp
1160702,1160702,木津,木津,京都府,木津川市,木津川市,木津川市木津,34.735962,135.824794,大和路線|奈良線|学研都市線,JR西日本,3,C,24,駅データ.jp
1160704,1160704,奈良,奈良,奈良県,奈良市,奈良市,奈良市三条本町,34.680482,135.818935,万葉まほろば線|大和路線|奈良線,JR西日本,3,B,47,駅データ.jp
1160708,1160708,王寺,王寺,奈良県,北葛城郡王寺町,北葛城郡王寺町,北葛城郡王寺町久度２丁目,34.597578,135.703696,JR和歌山線|大和路線|近鉄生駒線|近鉄田原本線,JR西日本|近畿日本鉄道,4,C,30,駅データ.jp
1160712,1160712,柏原,柏原,大阪府,柏原市,柏原市,柏原市上市１,34.586675,135.623359,大和路線|近鉄道明寺線,JR西日本|近畿日本鉄道,2,C,23,駅データ.jp
1160719,1160719,天王寺,天王寺,大阪府,大阪市,大阪市天王寺区,大阪市天王寺区悲田院町,34.646829,135.513819,大和路線|大阪メトロ御堂筋線|大阪メトロ谷町線|大阪環状線|近鉄南大阪線|阪和線(天王寺～和歌山)|阪堺電軌上町線,JR西日本|Osaka Metro|近畿日本鉄道|阪堺電気軌道,7,A,60,駅データ.jp
1160720,1160720,新今宮,新今宮,大阪府,大阪市,大阪市浪速区,大阪市浪速区恵美須西三丁目17-1,34.649759,135.502131,南海本線|南海高野線|大和路線|大阪メトロ堺筋線|大阪メトロ御堂筋線|大阪環状線|阪堺電軌阪堺線,JR西日本|Osaka Metro|南海電鉄|阪堺電気軌道,7,C,35,駅データ.jp
1160803,1160803,新長田,新長田,兵庫県,神戸市,神戸市長田区,神戸市長田区松野通１丁目,34.657496,135.145007,JR神戸線(神戸～姫路)|夢かもめ|神戸市営地下鉄山手線|神戸市営地下鉄西神線,JR西日本|神戸市交通局,4,C,30,駅データ.jp
1160810,1160810,明石,明石,兵庫県,明石市,明石市,明石市大明石町１丁目,34.648905,134.992726,JR神戸線(神戸～姫路)|山陽電鉄本線,JR西日本|山陽電気鉄道,2,C,23,駅データ.jp
1160811,1160811,西明石,西明石,兵庫県,明石市,明石市,明石市小久保町２丁目,34.66591,134.960151,JR神戸線(神戸～姫路),JR西日本,1,C,23,駅データ.jp
1160816,1160816,加古川,加古川,兵庫県,加古川市,加古川市,加古川市加古川町篠原町,34.767666,134.839447,JR加古川線|JR神戸線(神戸～姫路),JR西日本,2,C,23,駅データ.jp
1160821,1160821,姫路,姫路,兵庫県,姫路市,姫路市,姫路市駅前町御殿前,34.827884,134.690468,JR姫新線(姫路～佐用)|JR山陽本線(姫路～岡山)|JR播但線|JR神戸線(神戸～姫路)|山陽電鉄本線,JR西日本|山陽電気鉄道,5,A,60,駅データ.jp
1160905,1160905,相生,相生,兵庫県,相生市,相生市,相生市本郷町,34.818052,134.47341,JR山陽本線(姫路～岡山)|JR赤穂線,JR西日本,2,C,33,駅データ.jp
1160917,1160917,岡山,岡山,岡山県,岡山市,岡山市北区,岡山市北区駅元町1番1号,34.666324,133.918896,JR伯備線|JR吉備線|JR宇野線|JR山陽本線(姫路～岡山)|JR山陽本線(岡山～三原)|JR津山線|JR赤穂線|東山線|清輝橋線,JR西日本|岡山電気軌道,9,S,80,駅データ.jp
1161005,1161005,倉敷,倉敷,岡山県,倉敷市,倉敷市,倉敷市阿知１丁目,34.601576,133.765486,JR伯備線|JR山陽本線(岡山～三原)|水島本線,JR西日本|水島臨海鉄道,3,C,32,駅データ.jp
1161007,1161007,新倉敷,新倉敷,岡山県,倉敷市,倉敷市,倉敷市玉島爪崎,34.56509,133.678344,JR山陽本線(岡山～三原),JR西日本,1,C,23,駅データ.jp
1161014,1161014,福山,福山,広島県,福山市,福山市,福山市三之丸町,34.489291,133.361429,JR山陽本線(岡山～三原)|JR福塩線,JR西日本,2,C,33,駅データ.jp
1161020,1161020,三原,三原,広島県,三原市,三原市,三原市城町,34.400486,133.083049,JR呉線|JR山陽本線(三原～岩国)|JR山陽本線(岡山～三原),JR西日本,3,B,42,駅データ.jp
1161115,1161115,広島,広島,広島県,広島市,広島市南区,広島市南区松原町,34.396871,132.475498,JR可部線|JR呉線|JR山陽本線(三原～岩国)|JR芸備線|広電１号線(宇品線)|広電２号線(宮島線)|広電５号線(皆実線)|広電６号線(江波線),JR西日本|広島電鉄,8,S,80,駅データ.jp
1161116,1161116,横川,横川,広島県,広島市,広島市西区,広島市西区横川町３丁目,34.409843,132.450473,JR可部線|JR山陽本線(三原～岩国)|広電７号線|広電８号線(横川線),JR西日本|広島電鉄,4,C,30,駅データ.jp
1161117,1161117,西広島,西広島,広島県,広島市,広島市西区,広島市西区己斐本町１丁目,34.397451,132.428163,JR山陽本線(三原～岩国)|広電２号線(宮島線)|広電３号線,JR西日本|広島電鉄,3,C,24,駅データ.jp
1161120,1161120,廿日市,廿日市,広島県,廿日市,廿日市,廿日市市駅前,34.357229,132.335918,JR山陽本線(三原～岩国)|広電２号線(宮島線),JR西日本|広島電鉄,2,C,23,駅データ.jp
1161128,1161128,岩国,岩国,山口県,岩国市,岩国市,岩国市麻里布町１丁目,34.171828,132.225631,JR山陽本線(三原～岩国)|JR山陽本線(岩国～門司)|JR岩徳線,JR西日本,3,C,32,駅データ.jp
1161130,1161130,新白島,新白島,広島県,広島市,広島市中区,広島市中区西白島町154-1,34.408259,132.461269,JR可部線|JR山陽本線(三原～岩国)|アストラムライン,JR西日本|広島高速交通,3,C,24,駅データ.jp
1161216,1161216,徳山,徳山,山口県,周南市,周南市,周南市御幸通り２丁目,34.051555,131.8029,JR山陽本線(岩国～門司)|JR岩徳線,JR西日本,2,C,25,駅データ.jp
1161224,1161224,新山口,新山口,山口県,山口市,山口市,山口市小郡下郷,34.093255,131.39657,JR宇部線|JR山口線|JR山陽本線(岩国～門司),JR西日本,3,B,42,駅データ.jp
1161228,1161228,宇部,宇部,山口県,宇部市,宇部市,宇部市大字際波,34.003017,131.221691,JR宇部線|JR山陽本線(岩国～門司),JR西日本,2,C,23,駅データ.jp
1161230,1161230,厚狭,厚狭,山口県,山陽小野田市,山陽小野田市,山陽小野田市厚狭,34.053361,131.159965,JR山陽本線(岩国～門司)|JR美祢線,JR西日本,2,C,25,駅データ.jp
1161234,1161234,新下関,新下関,山口県,下関市,下関市,下関市秋根南町１丁目,34.005651,130.948021,JR山陽本線(岩国～門司),JR西日本,1,C,23,駅データ.jp
1161236,1161236,下関,下関,山口県,下関市,下関市,下関市大字竹崎町４丁目,33.950306,130.923038,JR山陰本線(益田～下関)|JR山陽本線(岩国～門司)|JR鹿児島本線(下関・門司港～博多),JR九州|JR西日本,3,C,32,駅データ.jp
1161237,1161237,門司,門司,福岡県,北九州市,北九州市門司区,北九州市門司区中町,33.904309,130.933438,JR山陽本線(岩国～門司)|JR日豊本線(門司港～佐伯)|JR鹿児島本線(下関・門司港～博多),JR九州|JR西日本,3,C,24,駅データ.jp
1161511,1161511,綾部,綾部,京都府,綾部市,綾部市,綾部市幸通東石ケ坪,35.302188,135.251896,JR山陰本線(園部～豊岡)|JR舞鶴線,JR西日本,2,C,23,駅データ.jp
1161514,1161514,福知山,福知山,京都府,福知山市,福知山市,福知山市字天田無番地,35.29634,135.118422,JR山陰本線(園部～豊岡)|JR舞鶴線|宮福線|福知山線(篠山口～福知山),JR西日本|京都丹後鉄道,4,C,38,駅データ.jp
1161524,1161524,豊岡,豊岡,兵庫県,豊岡市,豊岡市,豊岡市大手町,35.544081,134.813605,JR山陰本線(園部～豊岡)|JR山陰本線(豊岡～米子)|宮豊線,JR西日本|京都丹後鉄道,3,C,32,駅データ.jp
1161619,1161619,鳥取,鳥取,鳥取県,鳥取市,鳥取市,鳥取市東品治町,35.493953,134.225901,JR因美線|JR山陰本線(豊岡～米子),JR西日本,2,C,38,駅データ.jp
1161642,1161642,米子,米子,鳥取県,米子市,米子市,米子市弥生町,35.42327,133.33657,JR伯備線|JR境線|JR山陰本線(米子～益田)|JR山陰本線(豊岡～米子),JR西日本,4,C,38,駅データ.jp
1161723,1161723,鴫野,鴫野,大阪府,大阪市,大阪市城東区,大阪市城東区鴫野西５,34.692714,135.545075,おおさか東線|大阪メトロ今里筋線|学研都市線,JR西日本|Osaka Metro,3,C,24,駅データ.jp
1161724,1161724,京橋,京橋,大阪府,大阪市,大阪市城東区,大阪市城東区新喜多一丁目2-31,34.696416,135.532981,JR東西線|京阪本線|大阪メトロ長堀鶴見緑地線|大阪環状線|学研都市線,JR西日本|Osaka Metro|京阪電鉄,5,A,60,駅データ.jp
1162208,1162208,西舞鶴,西舞鶴,京都府,舞鶴市,舞鶴市,舞鶴市字伊佐津,35.44137,135.330416,JR舞鶴線|宮舞線,JR西日本|京都丹後鉄道,2,C,23,駅データ.jp
1162307,1162307,西九条,西九条,大阪府,大阪市,大阪市此花区,大阪市此花区西九条１丁目,34.682756,135.466404,JRゆめ咲線|大阪環状線|阪神なんば線,JR西日本|阪神電鉄,3,C,24,駅データ.jp
1162309,1162309,福島,福島,大阪府,大阪市,大阪市福島区,大阪市福島区福島７丁目,34.696103,135.486899,JR東西線|大阪環状線|阪神本線,JR西日本|阪神電鉄,3,B,49,駅データ.jp
1162315,1162315,森ノ宮,森ノ宮,大阪府,大阪市,大阪市中央区,大阪市中央区森ノ宮中央１丁目,34.68126,135.533388,大阪メトロ中央線|大阪メトロ長堀鶴見緑地線|大阪環状線,JR西日本|Osaka Metro,3,C,24,駅データ.jp
1162317,1162317,鶴橋,鶴橋,大阪府,大阪市,大阪市天王寺区,大阪市天王寺区下味原町1-1,34.665526,135.530044,大阪メトロ千日前線|大阪環状線|近鉄大阪線,JR西日本|Osaka Metro|近畿日本鉄道,3,C,24,駅データ.jp
1162503,1162503,大阪天満宮,大阪天満宮,大阪府,大阪市,大阪市北区,大阪市北区東天満２丁目１０番先,34.697601,135.511866,JR東西線|大阪メトロ堺筋線|大阪メトロ谷町線,JR西日本|Osaka Metro,3,C,24,駅データ.jp
1162506,1162506,海老江,海老江,大阪府,大阪市,大阪市福島区,大阪市福島区海老江５丁目２番先,34.694752,135.475122,JR東西線|大阪メトロ千日前線|阪神本線,JR西日本|Osaka Metro|阪神電鉄,3,C,24,駅データ.jp
1162635,1162635,和歌山,和歌山,和歌山県,和歌山市,和歌山市,和歌山市美園町,34.232358,135.191545,JR和歌山線|きのくに線|紀勢本線(和歌山～和歌山市)|貴志川線|阪和線(天王寺～和歌山),JR西日本|和歌山電鐵,5,B,58,駅データ.jp
1162702,1162702,東羽衣,東羽衣,大阪府,高石市,高石市,高石市東羽衣１丁目,34.534707,135.442128,南海本線|南海高師浜線|羽衣線,JR西日本|南海電鉄,3,C,24,駅データ.jp
1162802,1162802,りんくうタウン,りんくうタウン,大阪府,泉佐野市,泉佐野市,泉佐野市りんくう往来北１番,34.410308,135.300117,JR関西空港線|南海空港線,JR西日本|南海電鉄,2,C,25,駅データ.jp
1162803,1162803,関西空港,関西空港,大阪府,泉南郡田尻町,泉南郡田尻町,泉南郡田尻町泉州空港中１番,34.435924,135.24351,JR関西空港線|南海空港線,JR西日本|南海電鉄,2,C,25,駅データ.jp
1162910,1162910,宝塚,宝塚,兵庫県,宝塚市,宝塚市,宝塚市栄町２丁目,34.810833,135.340836,JR宝塚線|阪急今津線|阪急宝塚本線,JR西日本|阪急電鉄,3,C,32,駅データ.jp
1162915,1162915,三田,三田,兵庫県,三田市,三田市,三田市駅前町１丁目,34.888435,135.230277,JR宝塚線|三田線|公園都市線,JR西日本|神戸電鉄,3,C,32,駅データ.jp
1163207,1163207,粟生,粟生,兵庫県,小野市,小野市,小野市粟生町,34.857112,134.909498,JR加古川線|北条鉄道北条線|粟生線,JR西日本|北条鉄道|神戸電鉄,3,C,24,駅データ.jp
1163312,1163312,佐用,佐用,兵庫県,佐用郡佐用町,佐用郡佐用町,佐用郡佐用町間島田,35.003579,134.356538,JR姫新線(佐用～新見)|JR姫新線(姫路～佐用)|智頭急行智頭線,JR西日本|智頭急行,3,C,24,駅データ.jp
1163410,1163410,東津山,東津山,岡山県,津山市,津山市,津山市川崎,35.058676,134.031818,JR因美線|JR姫新線(佐用～新見),JR西日本,2,C,23,駅データ.jp
1163411,1163411,津山,津山,岡山県,津山市,津山市,津山市大谷,35.054511,134.003477,JR因美線|JR姫新線(佐用～新見)|JR津山線,JR西日本,3,C,32,駅データ.jp
1163425,1163425,新見,新見,岡山県,新見市,新見市,新見市西方,34.987232,133.45674,JR伯備線|JR姫新線(佐用～新見)|JR芸備線,JR西日本,3,C,32,駅データ.jp
1163608,1163608,御所,御所,奈良県,御所市,御所市,御所市御国通り１丁目,34.464891,135.733158,JR和歌山線|近鉄御所線,JR西日本|近畿日本鉄道,2,C,23,駅データ.jp
1163617,1163617,橋本,橋本,和歌山県,橋本市,橋本市,橋本市古佐田１丁目,34.318327,135.614735,JR和歌山線|南海高野線,JR西日本|南海電鉄,2,C,23,駅データ.jp
1163705,1163705,天理,天理,奈良県,天理市,天理市,天理市川原城町,34.601176,135.829915,万葉まほろば線|近鉄天理線,JR西日本|近畿日本鉄道,2,C,23,駅データ.jp
1163710,1163710,桜井,桜井,奈良県,桜井市,桜井市,桜井市桜井,34.513306,135.846521,万葉まほろば線|近鉄大阪線,JR西日本|近畿日本鉄道,2,C,23,駅データ.jp
1163938,1163938,御坊,御坊,和歌山県,御坊市,御坊市,御坊市湯川町小松原,33.907783,135.158762,きのくに線|紀州鉄道線,JR西日本|紀州鉄道,2,C,23,駅データ.jp
1164003,1164003,和歌山市,和歌山市,和歌山県,和歌山市,和歌山市,和歌山市東蔵前丁,34.236873,135.166586,南海加太線|南海和歌山港線|南海本線|紀勢本線(和歌山～和歌山市),JR西日本|南海電鉄,4,C,38,駅データ.jp
1170106,1170106,松江,松江,島根県,松江市,松江市,松江市朝日町,35.463947,133.063871,JR山陰本線(米子～益田),JR西日本,1,C,28,駅データ.jp
1170113,1170113,出雲市,出雲市,島根県,出雲市,出雲市,出雲市今市町,35.360912,132.757144,JR山陰本線(米子～益田)|北松江線,JR西日本|一畑電車,2,C,23,駅データ.jp
1170145,1170145,益田,益田,島根県,益田市,益田市,益田市駅前町,34.678311,131.838932,JR山口線|JR山陰本線(益田～下関)|JR山陰本線(米子～益田),JR西日本,3,C,32,駅データ.jp
1170217,1170217,長門市,長門市,山口県,長門市,長門市,長門市東深川,34.375417,131.185722,JR山陰本線(益田～下関)|JR美祢線,JR西日本,2,C,23,駅データ.jp
1170307,1170307,総社,総社,岡山県,総社市,総社市,総社市駅前１丁目,34.673534,133.738007,JR伯備線|JR吉備線|井原線,JR西日本|井原鉄道,3,C,32,駅データ.jp
1170735,1170735,三次,三次,広島県,三次市,三次市,三次市十日市南１丁目,34.802646,132.855976,JR福塩線|JR芸備線,JR西日本,2,C,23,駅データ.jp
1170808,1170808,山口,山口,山口県,山口市,山口市,山口市惣太夫町,34.172737,131.480985,JR山口線,JR西日本,1,C,28,駅データ.jp
1172115,1172115,宇部新川,宇部新川,山口県,宇部市,宇部市,宇部市上町１丁目,33.958369,131.242441,JR宇部線|JR小野田線,JR西日本,2,C,23,駅データ.jp
1180134,1180134,高知,高知,高知県,高知市,高知市,高知市北本町２丁目,33.566644,133.543564,JR土讃線|桟橋線,JR四国|土佐電気鉄道,2,C,38,駅データ.jp
1180160,1180160,窪川,窪川,高知県,高岡郡四万十町,高岡郡四万十町,高岡郡四万十町琴平町,33.212656,133.137285,JR土讃線|しまんとグリーンライン|中村線,JR四国|土佐くろしお鉄道,3,C,24,駅データ.jp
1180201,1180201,高松,高松,香川県,高松市,高松市,高松市浜ノ町,34.350772,134.048164,JR予讃線|JR高徳線|琴電琴平線|琴電長尾線,JR四国|高松琴平電気鉄道,4,B,53,駅データ.jp
1180229,1180229,徳島,徳島,徳島県,徳島市,徳島市,徳島市寺島本町西２丁目,34.074572,134.551391,JR牟岐線|JR高徳線|よしの川ブルーライン,JR四国,3,B,47,駅データ.jp
1180657,1180657,松山,松山,愛媛県,松山市,松山市,松山市南江戸１丁目,33.840441,132.751855,JR予讃・内子線|JR予讃線|伊予鉄道松山駅前線（５系統）|伊予鉄道環状線（１系統）|伊予鉄道環状線（２系統）,JR四国|伊予鉄道,5,B,58,駅データ.jp
1180706,1180706,伊予市,伊予市,愛媛県,伊予市,伊予市,伊予市米湊,33.755917,132.702424,JR予讃・内子線|伊予鉄道郡中線,JR四国|伊予鉄道,2,C,23,駅データ.jp
1180739,1180739,北宇和島,北宇和島,愛媛県,宇和島市,宇和島市,宇和島市伊吹町北通り,33.239442,132.569643,JR予讃・内子線|しまんとグリーンライン,JR四国,2,C,23,駅データ.jp
1180740,1180740,宇和島,宇和島,愛媛県,宇和島市,宇和島市,宇和島市錦町,33.225774,132.56746,JR予讃・内子線|しまんとグリーンライン,JR四国,2,C,23,駅データ.jp
1190101,1190101,博多,博多,福岡県,福岡市,福岡市博多区,福岡市博多区博多駅中央街,33.590069,130.420698,JR博多南線|JR鹿児島本線(下関・門司港～博多)|JR鹿児島本線(博多～八代)|福北ゆたか線|福岡市営地下鉄七隈線|福岡市営地下鉄空港線,JR九州|JR西日本|福岡市交通局,6,S,80,駅データ.jp
1190202,1190202,門司港,門司港,福岡県,北九州市,北九州市門司区,北九州市門司区西海岸１丁目,33.944889,130.961846,JR日豊本線(門司港～佐伯)|JR鹿児島本線(下関・門司港～博多)|門司港レトロ観光線,JR九州|平成筑豊鉄道,3,C,24,駅データ.jp
1190205,1190205,小倉,小倉,福岡県,北九州市,北九州市小倉北区,北九州市小倉北区浅野１丁目,33.886752,130.882544,JR日田彦山線|JR日豊本線(門司港～佐伯)|JR鹿児島本線(下関・門司港～博多)|北九州モノレール,JR九州|北九州高速鉄道,4,A,60,駅データ.jp
1190206,1190206,西小倉,小倉,福岡県,北九州市,北九州市小倉北区,北九州市小倉北区室町３丁目,33.888673,130.873897,JR日田彦山線|JR日豊本線(門司港～佐伯)|JR鹿児島本線(下関・門司港～博多),JR九州,3,C,24,駅データ.jp
1190214,1190214,折尾,折尾,福岡県,北九州市,北九州市八幡西区,北九州市八幡西区堀川町,33.863629,130.713109,JR鹿児島本線(下関・門司港～博多)|福北ゆたか線(折尾～桂川)|若松線,JR九州,3,C,24,駅データ.jp
1190227,1190227,香椎,香椎,福岡県,福岡市,福岡市東区,福岡市東区香椎駅前１丁目,33.659228,130.444063,JR香椎線(香椎～宇美)|JR鹿児島本線(下関・門司港～博多)|海の中道線,JR九州,3,C,24,駅データ.jp
1190316,1190316,鳥栖,鳥栖,佐賀県,鳥栖市,鳥栖市,鳥栖市京町,33.373864,130.519374,JR長崎本線(鳥栖～長崎)|JR鹿児島本線(博多～八代),JR九州,2,C,23,駅データ.jp
1190318,1190318,久留米,久留米,福岡県,久留米市,久留米市,久留米市城南町２丁目,33.319778,130.501408,JR鹿児島本線(博多～八代)|ゆふ高原線,JR九州,2,C,33,駅データ.jp
1190322,1190322,筑後船小屋,筑後船小屋,福岡県,筑後市,筑後市,筑後市大字津島,33.178023,130.491604,JR鹿児島本線(博多～八代),JR九州,1,C,23,駅データ.jp
1190328,1190328,大牟田,大牟田,福岡県,大牟田市,大牟田市,大牟田市不知火町１丁目,33.029727,130.443516,JR鹿児島本線(博多～八代)|西鉄天神大牟田線,JR九州|西日本鉄道,2,C,23,駅データ.jp
1190340,1190340,上熊本,上熊本,熊本県,熊本市,熊本市西区,熊本市西区上熊本二丁目,32.817687,130.699344,JR鹿児島本線(博多～八代)|熊本市電Ｂ系統|熊本電鉄上熊本線,JR九州|熊本市交通局|熊本電気鉄道,3,C,24,駅データ.jp
1190341,1190341,熊本,熊本,熊本県,熊本市,熊本市西区,熊本市西区春日三丁目,32.789499,130.688974,JR鹿児島本線(博多～八代)|三角線（あまくさみすみ線）|熊本市電Ａ系統|豊肥本線,JR九州|熊本市交通局,4,S,80,駅データ.jp
1190343,1190343,宇土,宇土,熊本県,宇土市,宇土市,宇土市三拾町,32.694237,130.669148,JR鹿児島本線(博多～八代)|三角線（あまくさみすみ線）,JR九州,2,C,23,駅データ.jp
1190348,1190348,新八代,新八代,熊本県,八代市,八代市,八代市上日置町字女夫木４７７４-２,32.517888,130.634919,JR鹿児島本線(博多～八代),JR九州,1,C,23,駅データ.jp
1190349,1190349,八代,八代,熊本県,八代市,八代市,八代市萩原町１丁目,32.503805,130.621609,JR鹿児島本線(博多～八代)|えびの高原線(八代～吉松)|肥薩おれんじ鉄道線,JR九州|肥薩おれんじ鉄道,3,C,32,駅データ.jp
1190401,1190401,川内,川内,鹿児島県,薩摩川内市,薩摩川内市,薩摩川内市鳥追町,31.813726,130.31213,JR鹿児島本線(川内～鹿児島)|肥薩おれんじ鉄道線,JR九州|肥薩おれんじ鉄道,2,C,25,駅データ.jp
1190411,1190411,鹿児島中央,鹿児島中央,鹿児島県,鹿児島市,鹿児島市,鹿児島市中央町,31.583825,130.542267,JR指宿枕崎線|JR日豊本線(佐伯～鹿児島中央)|JR鹿児島本線(川内～鹿児島)|鹿児島市電２系統,JR九州|鹿児島市交通局,4,S,80,駅データ.jp
1190412,1190412,鹿児島,鹿児島,鹿児島県,鹿児島市,鹿児島市,鹿児島市浜町,31.601681,130.563263,JR日豊本線(佐伯～鹿児島中央)|JR鹿児島本線(川内～鹿児島)|鹿児島市電１系統|鹿児島市電２系統,JR九州|鹿児島市交通局,4,B,53,駅データ.jp
1190507,1190507,佐賀,佐賀,佐賀県,佐賀市,佐賀市,佐賀市駅前中央１丁目,33.264212,130.297608,JR唐津線|JR長崎本線(鳥栖～長崎),JR九州,2,C,38,駅データ.jp
1190527,1190527,諫早,諫早,長崎県,諫早市,諫早市,諫早市永昌町,32.851018,130.041596,JR大村線|JR長崎本線(鳥栖～長崎)|島原鉄道線,JR九州|島原鉄道,3,C,32,駅データ.jp
1190539,1190539,西浦上,西浦上,長崎県,長崎市,長崎市,長崎市音無町,32.790502,129.860198,JR長崎本線(鳥栖～長崎)|長崎電軌１系統|長崎電軌３系統,JR九州|長崎電気軌道,3,C,24,駅データ.jp
1190540,1190540,浦上,浦上,長崎県,長崎市,長崎市,長崎市川口町,32.765576,129.863882,JR長崎本線(鳥栖～長崎)|長崎電軌１系統|長崎電軌３系統,JR九州|長崎電気軌道,3,C,24,駅データ.jp
1190541,1190541,長崎,長崎,長崎県,長崎市,長崎市,長崎県長崎市尾上町1-89,32.752503,129.870935,JR長崎本線(鳥栖～長崎)|長崎電軌１系統|長崎電軌３系統,JR九州|長崎電気軌道,3,A,60,駅データ.jp
1190542,1190542,新鳥栖,新鳥栖,佐賀県,鳥栖市,鳥栖市,佐賀県鳥栖市原古賀町字一本松220-2,33.370278,130.491111,JR長崎本線(鳥栖～長崎),JR九州,1,C,23,駅データ.jp
1190613,1190613,行橋,行橋,福岡県,行橋市,行橋市,行橋市西宮市２丁目,33.72835,130.970313,JR日豊本線(門司港～佐伯)|田川線,JR九州|平成筑豊鉄道,2,C,23,駅データ.jp
1190643,1190643,大分,大分,大分県,大分市,大分市,大分市要町,33.232794,131.606595,JR日豊本線(門司港～佐伯)|ゆふ高原線|豊肥本線,JR九州,3,A,60,駅データ.jp
1190660,1190660,佐伯,佐伯,大分県,佐伯市,佐伯市,佐伯市駅前２丁目,32.972521,131.901857,JR日豊本線(佐伯～鹿児島中央)|JR日豊本線(門司港～佐伯),JR九州,2,C,23,駅データ.jp
1190729,1190729,宮崎,宮崎,宮崎県,宮崎市,宮崎市,宮崎市錦町,31.915742,131.431975,JR宮崎空港線|JR日南線|JR日豊本線(佐伯～鹿児島中央),JR九州,3,A,60,駅データ.jp
1190730,1190730,南宮崎,南宮崎,宮崎県,宮崎市,宮崎市,宮崎市東大淀２丁目,31.895097,131.422329,JR宮崎空港線|JR日南線|JR日豊本線(佐伯～鹿児島中央),JR九州,3,C,32,駅データ.jp
1190739,1190739,都城,都城,宮崎県,都城市,都城市,都城市栄町,31.73657,131.073992,JR日豊本線(佐伯～鹿児島中央)|えびの高原線,JR九州,2,C,23,駅データ.jp
1190801,1190801,桂川,桂川,福岡県,嘉穂郡桂川町,嘉穂郡桂川町,嘉穂郡桂川町大字豆田,33.584705,130.662752,原田線|福北ゆたか線|福北ゆたか線(折尾～桂川),JR九州,3,C,24,駅データ.jp
1190919,1190919,唐津,唐津,佐賀県,唐津市,唐津市,唐津市新興町西新興町,33.446038,129.96835,JR唐津線|JR筑肥線(姪浜～西唐津)|JR筑肥線(西唐津～伊万里),JR九州,3,C,32,駅データ.jp
1190920,1190920,西唐津,西唐津,佐賀県,唐津市,唐津市,唐津市二タ子２丁目,33.46142,129.957748,JR唐津線|JR筑肥線(姪浜～西唐津)|JR筑肥線(西唐津～伊万里),JR九州,3,C,32,駅データ.jp
1191108,1191108,直方,直方,福岡県,直方市,直方市,直方市大字山部,33.74805,130.724677,伊田線|福北ゆたか線(折尾～桂川),JR九州|平成筑豊鉄道,2,C,23,駅データ.jp
1191113,1191113,新飯塚,新飯塚,福岡県,飯塚市,飯塚市,飯塚市大字立岩,33.644261,130.694278,JR後藤寺線|福北ゆたか線(折尾～桂川),JR九州,2,C,23,駅データ.jp
1191413,1191413,田川伊田,田川伊田,福岡県,田川市,田川市,田川市伊田,33.642046,130.817688,JR日田彦山線|伊田線|田川線,JR九州|平成筑豊鉄道,3,C,32,駅データ.jp
1191414,1191414,田川後藤寺,田川後藤寺,福岡県,田川市,田川市,田川市奈良,33.630294,130.800232,JR後藤寺線|JR日田彦山線|糸田線,JR九州|平成筑豊鉄道,3,C,32,駅データ.jp
1191814,1191814,佐世保,佐世保,長崎県,佐世保市,佐世保市,佐世保市白南風町,33.163868,129.725667,JR佐世保線|西九州線(伊万里～佐世保),JR九州|松浦鉄道,2,C,23,駅データ.jp
1192014,1192014,伊万里,伊万里,佐賀県,伊万里市,伊万里市,伊万里市新天町,33.271859,129.876469,JR筑肥線(西唐津～伊万里)|西九州線(伊万里～佐世保)|西九州線(有田～伊万里),JR九州|松浦鉄道,3,C,32,駅データ.jp
1192304,1192304,新水前寺,新水前寺,熊本県,熊本市,熊本市中央区,熊本市中央区白山二丁目3,32.793465,130.72668,熊本市電Ａ系統|熊本市電Ｂ系統|豊肥本線,JR九州|熊本市交通局,3,C,24,駅データ.jp
1192515,1192515,人吉,人吉,熊本県,人吉市,人吉市,人吉市中青井町,32.216142,130.753797,えびの高原線(八代～吉松)|湯前線,JR九州|くま川鉄道,2,C,23,駅データ.jp
1192519,1192519,吉松,吉松,鹿児島県,姶良郡湧水町,姶良郡湧水町,姶良郡湧水町川西,32.012026,130.738104,JR肥薩線(吉松～隼人)|えびの高原線|えびの高原線(八代～吉松),JR九州,3,C,24,駅データ.jp
1192704,1192704,宮崎空港,宮崎空港,宮崎県,宮崎市,宮崎市,宮崎市赤江字飛江田無番地,31.87251,131.440555,JR宮崎空港線,JR九州,1,C,23,駅データ.jp
1193003,1193003,南鹿児島,南鹿児島,鹿児島県,鹿児島市,鹿児島市,鹿児島市南郡元町,31.555079,130.543955,JR指宿枕崎線|鹿児島市電１系統,JR九州|鹿児島市交通局,2,C,23,駅データ.jp
2100109,2100109,下赤塚,下赤塚,東京都,板橋区,板橋区,板橋区赤塚新町１-２３-１,35.770145,139.644175,東京メトロ副都心線|東京メトロ有楽町線|東武東上線,東京メトロ|東武鉄道,3,C,24,駅データ.jp
2100110,2100110,成増,成増,東京都,板橋区,板橋区,板橋区成増２-１３-１,35.776946,139.631901,東京メトロ副都心線|東京メトロ有楽町線|東武東上線,東京メトロ|東武鉄道,3,C,24,駅データ.jp
2100111,2100111,和光市,和光市,埼玉県,和光市,和光市,埼玉県和光市本町4-6,35.788507,139.612434,東京メトロ副都心線|東京メトロ有楽町線|東武東上線,東京メトロ|東武鉄道,3,C,32,駅データ.jp
2100126,2100126,坂戸,坂戸,埼玉県,坂戸市,坂戸市,坂戸市日の出町１-１,35.957181,139.394032,東武東上線|東武越生線,東武鉄道,2,C,23,駅データ.jp
2100201,2100201,浅草,浅草,東京都,台東区,台東区,東京都台東区花川戸一丁目4-1,35.710692,139.797592,東京メトロ銀座線|東武伊勢崎線|都営浅草線,東京メトロ|東京都交通局|東武鉄道,3,C,24,駅データ.jp
2100203,2100203,押上〈スカイツリー前〉,押上〈スカイツリー前〉,東京都,墨田区,墨田区,墨田区押上一丁目,35.710702,139.812935,京成押上線|東京メトロ半蔵門線|東武伊勢崎線|都営浅草線,京成電鉄|東京メトロ|東京都交通局|東武鉄道,4,C,30,駅データ.jp
2100227,2100227,春日部,春日部,埼玉県,春日部市,春日部市,春日部市粕壁１丁目,35.980095,139.752345,東武アーバンパークライン（東武野田線）|東武伊勢崎線,東武鉄道,2,C,23,駅データ.jp
2100237,2100237,羽生,羽生,埼玉県,羽生市,羽生市,羽生市南１,36.170345,139.533949,東武伊勢崎線|秩父鉄道秩父本線,東武鉄道|秩父鉄道,2,C,23,駅データ.jp
2100240,2100240,館林,館林,群馬県,館林市,館林市,館林市本町２丁目,36.246606,139.527811,東武伊勢崎線|東武佐野線|東武小泉線,東武鉄道,3,C,32,駅データ.jp
2100248,2100248,太田,太田,群馬県,太田市,太田市,太田市東本町,36.294228,139.378779,東武伊勢崎線|東武小泉線|東武桐生線,東武鉄道,3,C,32,駅データ.jp
2100313,2100313,新栃木,新栃木,栃木県,栃木市,栃木市,栃木市平柳町１丁目,36.390149,139.742308,東武宇都宮線|東武日光線,東武鉄道,2,C,23,駅データ.jp
2100422,2100422,流山おおたかの森,流山おおたかの森,千葉県,流山市,流山市,流山市西初石六丁目,35.871925,139.925471,つくばエクスプレス|東武アーバンパークライン（東武野田線）,東武鉄道|首都圏新都市鉄道,2,C,23,駅データ.jp
2100430,2100430,新鎌ヶ谷,新鎌ヶ谷,千葉県,鎌ケ谷市,鎌ケ谷市,千葉県鎌ケ谷市新鎌ケ谷一丁目13-1,35.779601,139.99871,京成松戸線|北総鉄道北総線|成田スカイアクセス|東武アーバンパークライン（東武野田線）,京成電鉄|北総鉄道|東武鉄道,4,C,30,駅データ.jp
2200106,2200106,練馬,練馬,東京都,練馬区,練馬区,練馬区練馬１-３-５,35.737771,139.654469,西武有楽町線|西武池袋線|西武豊島線|都営大江戸線,東京都交通局|西武鉄道,4,C,38,駅データ.jp
2200117,2200117,西所沢,西所沢,埼玉県,所沢市,所沢市,所沢市西所沢１-１１-９,35.789303,139.455959,西武池袋線|西武狭山線,西武鉄道,2,C,23,駅データ.jp
2200125,2200125,飯能,東飯能,埼玉県,飯能市,飯能市,飯能市仲町１１-２１,35.851189,139.318824,西武池袋線|西武秩父線,西武鉄道,2,C,23,駅データ.jp
2200131,2200131,所沢,所沢,埼玉県,所沢市,所沢市,所沢市くすのき台１-１４-５,35.786627,139.473324,西武新宿線|西武池袋線,西武鉄道,2,C,23,駅データ.jp
2200301,2200301,小竹向原,小竹向原,東京都,練馬区,練馬区,東京都練馬区小竹町二丁目16-15,35.743803,139.678572,東京メトロ副都心線|東京メトロ有楽町線|西武有楽町線,東京メトロ|西武鉄道,3,C,24,駅データ.jp
2200719,2200719,小平,小平,東京都,小平市,小平市,小平市美園町１-３４-１,35.736963,139.488491,西武拝島線|西武新宿線,西武鉄道,2,C,23,駅データ.jp
2200721,2200721,東村山,東村山,東京都,東村山市,東村山市,東村山市本町２-３-３２,35.76006,139.465839,西武国分寺線|西武新宿線|西武西武園線,西武鉄道,3,C,32,駅データ.jp
2300104,2300104,町屋,町屋,東京都,荒川区,荒川区,荒川区町屋１丁目,35.742612,139.781048,京成本線|東京さくらトラム（都電荒川線）|東京メトロ千代田線,京成電鉄|東京メトロ|東京都交通局,3,C,24,駅データ.jp
2300109,2300109,青砥,青砥,東京都,葛飾区,葛飾区,東京都葛飾区青戸三丁目36番1号,35.745883,139.856292,京成押上線|京成本線|成田スカイアクセス,京成電鉄,3,C,24,駅データ.jp
2300110,2300110,京成高砂,京成高砂,東京都,葛飾区,葛飾区,東京都葛飾区高砂五丁目28-1,35.750932,139.866875,京成押上線|京成本線|京成金町線|北総鉄道北総線|成田スカイアクセス,京成電鉄|北総鉄道,5,C,35,駅データ.jp
2300126,2300126,京成津田沼,京成津田沼,千葉県,習志野市,習志野市,習志野市津田沼３-１-１,35.68364,140.024823,京成千葉線|京成本線|京成松戸線,京成電鉄,3,C,24,駅データ.jp
2300141,2300141,東成田,成田空港（第１旅客ターミナル）,千葉県,成田市,成田市,成田市古込字込前１２４,35.770091,140.387225,京成本線|芝山鉄道線,京成電鉄|芝山鉄道,2,C,23,駅データ.jp
2400118,2400118,調布,調布,東京都,調布市,調布市,調布市布田４-３２-１,35.652181,139.543988,京王相模原線|京王線,京王電鉄,2,C,23,駅データ.jp
2400123,2400123,東府中,東府中,東京都,府中市,府中市,府中市清水が丘１-８-３,35.668766,139.495257,京王競馬場線|京王線,京王電鉄,2,C,23,駅データ.jp
2400129,2400129,高幡不動,高幡不動,東京都,日野市,日野市,日野市高幡１３９,35.662067,139.413697,京王動物園線|京王線|多摩モノレール,京王電鉄|多摩都市モノレール,3,C,24,駅データ.jp
2400208,2400208,京王多摩センター,京王多摩センター,東京都,多摩市,多摩市,多摩市落合１-１０-２,35.624602,139.4237,京王相模原線|多摩モノレール|小田急多摩線,京王電鉄|多摩都市モノレール|小田急電鉄,3,C,32,駅データ.jp
2500206,2500206,大和,大和,神奈川県,大和市,大和市,大和市大和南１-１-１,35.469833,139.46144,小田急江ノ島線|相鉄・JR直通線|相鉄本線,小田急電鉄|相模鉄道,3,C,32,駅データ.jp
2500210,2500210,湘南台,湘南台,神奈川県,藤沢市,藤沢市,藤沢市湘南台２-１５,35.396534,139.466922,ブルーライン|小田急江ノ島線|相鉄いずみ野線,小田急電鉄|横浜市交通局|相模鉄道,3,C,24,駅データ.jp
2600103,2600103,中目黒,中目黒,東京都,目黒区,目黒区,目黒区上目黒３-４-１,35.643854,139.698621,東京メトロ日比谷線|東急東横線,東京メトロ|東急電鉄,2,C,23,駅データ.jp
2600109,2600109,多摩川,多摩川,東京都,大田区,大田区,大田区田園調布１-５３-８,35.589591,139.668723,東急多摩川線|東急東横線|東急目黒線,東急電鉄,3,C,24,駅データ.jp
2600113,2600113,日吉,日吉,神奈川県,横浜市,横浜市港北区,横浜市港北区日吉２-１-１,35.553753,139.64696,グリーンライン|東急新横浜線|東急東横線|東急目黒線,東急電鉄|横浜市交通局,4,C,30,駅データ.jp
2700139,2700139,金沢八景,金沢八景,神奈川県,横浜市,横浜市金沢区,横浜市金沢区瀬戸１５-１,35.331244,139.620831,京急本線|京急逗子線|金沢シーサイドライン,京急電鉄|横浜シーサイドライン,3,C,24,駅データ.jp
2700206,2700206,羽田空港第1・第2ターミナル,羽田空港第1・第2ターミナル,東京都,大田区,大田区,大田区羽田空港３-３-４,35.549902,139.786198,京急空港線|東京モノレール,京急電鉄|東京モノレール,2,C,25,駅データ.jp
2700207,2700207,羽田空港第3ターミナル,羽田空港第3ターミナル,東京都,大田区,大田区,東京都大田区羽田空港二丁目6番5号,35.544422,139.768587,京急空港線|東京モノレール,京急電鉄|東京モノレール,2,C,25,駅データ.jp
2800109,2800109,日本橋,東京,東京都,中央区,中央区,中央区日本橋１丁目,35.681948,139.774251,東京メトロ東西線|東京メトロ銀座線|都営浅草線,東京メトロ|東京都交通局,3,C,24,駅データ.jp
2800110,2800110,京橋,京橋,東京都,中央区,中央区,中央区京橋２-２-１０,35.676158,139.770947,東京メトロ銀座線|都営浅草線,東京メトロ|東京都交通局,2,A,60,駅データ.jp
2800111,2800111,銀座,銀座,東京都,中央区,中央区,中央区銀座４-１-２,35.672579,139.764735,東京メトロ丸ノ内線|東京メトロ日比谷線|東京メトロ有楽町線|東京メトロ銀座線,東京メトロ,4,A,60,駅データ.jp
2800115,2800115,赤坂見附,赤坂見附,東京都,港区,港区,港区赤坂３-１-６,35.678063,139.738974,東京メトロ丸ノ内線|東京メトロ半蔵門線|東京メトロ南北線|東京メトロ有楽町線|東京メトロ銀座線,東京メトロ,5,C,35,駅データ.jp
2800116,2800116,青山一丁目,青山,東京都,港区,港区,港区南青山１-１-１９,35.67282,139.724093,東京メトロ半蔵門線|東京メトロ銀座線|都営大江戸線,東京メトロ|東京都交通局,3,C,24,駅データ.jp
2800118,2800118,表参道,表参道,東京都,港区,港区,港区北青山３丁目,35.665247,139.712314,東京メトロ千代田線|東京メトロ半蔵門線|東京メトロ銀座線,東京メトロ,3,A,60,駅データ.jp
2800208,2800208,大手町,東京,東京都,千代田区,千代田区,千代田区大手町１丁目,35.685847,139.76455,東京メトロ丸ノ内線|東京メトロ千代田線|東京メトロ半蔵門線|東京メトロ東西線|都営三田線,東京メトロ|東京都交通局,5,C,35,駅データ.jp
2800211,2800211,霞ケ関,銀座,東京都,千代田区,千代田区,千代田区霞が関２丁目,35.673838,139.750899,東京メトロ丸ノ内線|東京メトロ千代田線|東京メトロ日比谷線,東京メトロ,3,C,24,駅データ.jp
2800217,2800217,新宿三丁目,新宿,東京都,新宿区,新宿区,新宿区新宿３-１４-１,35.690772,139.705331,東京メトロ丸ノ内線|東京メトロ副都心線|都営新宿線,東京メトロ|東京都交通局,3,C,32,駅データ.jp
2800220,2800220,中野坂上,中野坂上,東京都,中野区,中野区,中野区中央２-１-２,35.697505,139.682594,東京メトロ丸ノ内線|都営大江戸線,東京メトロ|東京都交通局,2,C,23,駅データ.jp
2800309,2800309,人形町,人形町,東京都,中央区,中央区,中央区日本橋人形町２-６-５,35.685099,139.783316,東京メトロ半蔵門線|東京メトロ日比谷線|都営浅草線,東京メトロ|東京都交通局,3,C,24,駅データ.jp
2800318,2800318,六本木,六本木,東京都,港区,港区,港区六本木６-１-２５,35.663379,139.731505,東京メトロ日比谷線|都営大江戸線,東京メトロ|東京都交通局,2,A,60,駅データ.jp
2800407,2800407,九段下,飯田橋,東京都,千代田区,千代田区,千代田区九段南１-６-１,35.695589,139.751948,東京メトロ半蔵門線|東京メトロ東西線|都営新宿線,東京メトロ|東京都交通局,3,C,24,駅データ.jp
2800807,2800807,神保町,秋葉原,東京都,千代田区,千代田区,千代田区神田神保町２-２,35.695808,139.757777,東京メトロ半蔵門線|都営三田線|都営新宿線,東京メトロ|東京都交通局,3,C,24,駅データ.jp
2801012,2801012,東新宿,新宿,東京都,新宿区,新宿区,新宿区新宿７-２７-３,35.698418,139.707571,東京メトロ副都心線|都営大江戸線,東京メトロ|東京都交通局,2,C,23,駅データ.jp
2900108,2900108,西谷,西谷,神奈川県,横浜市,横浜市保土ケ谷区,横浜市保土ケ谷区西谷町１１０１,35.478092,139.565721,相鉄・JR直通線|相鉄新横浜線|相鉄本線,相模鉄道,3,C,24,駅データ.jp
2900110,2900110,二俣川,二俣川,神奈川県,横浜市,横浜市旭区,横浜市旭区二俣川２-９１-７,35.463335,139.532207,相鉄いずみ野線|相鉄・JR直通線|相鉄本線,相模鉄道,3,C,24,駅データ.jp
3000114,3000114,岡崎公園前,岡崎公園前,愛知県,岡崎市,岡崎市,岡崎市中岡崎町,34.955607,137.153016,名鉄名古屋本線|愛知環状鉄道線,名古屋鉄道|愛知環状鉄道,2,C,23,駅データ.jp
3000117,3000117,新安城,新安城,愛知県,安城市,安城市,安城市東栄町１丁目,34.986885,137.085443,名鉄名古屋本線|名鉄西尾線,名古屋鉄道,2,C,23,駅データ.jp
3000119,3000119,知立,知立,愛知県,知立市,知立市,知立市栄２丁目,35.006111,137.039722,名鉄三河線|名鉄名古屋本線,名古屋鉄道,2,C,23,駅データ.jp
3000160,3000160,名鉄岐阜,岐阜,岐阜県,岐阜市,岐阜市,岐阜市神田町９丁目,35.411383,136.760334,名鉄各務原線|名鉄名古屋本線,名古屋鉄道,2,C,23,駅データ.jp
3000519,3000519,豊田市,豊田市,愛知県,豊田市,豊田市,豊田市若宮町１-３５,35.087305,137.156227,名鉄三河線|名鉄豊田線,名古屋鉄道,2,C,23,駅データ.jp
3000701,3000701,常滑,常滑,愛知県,常滑市,常滑市,常滑市鯉江本町５-１４１,34.891167,136.834992,名鉄常滑・空港線|名鉄常滑線,名古屋鉄道,2,C,33,駅データ.jp
3001201,3001201,栄町,栄町,愛知県,名古屋市,名古屋市東区,名古屋市東区東桜１-１２,35.170182,136.908341,名古屋市営地下鉄名城線|名古屋市営地下鉄東山線|名鉄瀬戸線,名古屋市交通局|名古屋鉄道,3,C,24,駅データ.jp
3001218,3001218,新瀬戸,新瀬戸,愛知県,瀬戸市,瀬戸市,瀬戸市東横山町６２,35.225703,137.078046,名鉄瀬戸線|愛知環状鉄道線,名古屋鉄道|愛知環状鉄道,2,C,23,駅データ.jp
3001308,3001308,津島,津島,愛知県,津島市,津島市,津島市錦町１-１,35.177982,136.730995,名鉄尾西線|名鉄津島線,名古屋鉄道,2,C,23,駅データ.jp
3001518,3001518,犬山,犬山,愛知県,犬山市,犬山市,犬山市大字犬山字富士見町,35.379871,136.945536,名鉄小牧線|名鉄広見線|名鉄犬山線,名古屋鉄道,3,C,32,駅データ.jp
3100101,3100101,大阪難波,心斎橋,大阪府,大阪市,大阪市中央区,大阪市中央区難波四丁目1-17,34.66683,135.499141,大阪メトロ千日前線|大阪メトロ四つ橋線|大阪メトロ御堂筋線|近鉄難波線|阪神なんば線,Osaka Metro|近畿日本鉄道|阪神電鉄,5,C,35,駅データ.jp
3100102,3100102,近鉄日本橋,心斎橋,大阪府,大阪市,大阪市中央区,大阪市中央区日本橋１-１８-１４,34.66708,135.506363,大阪メトロ千日前線|大阪メトロ堺筋線|近鉄難波線,Osaka Metro|近畿日本鉄道,3,C,24,駅データ.jp
3100201,3100201,大和西大寺,大和西大寺,奈良県,奈良市,奈良市,奈良市西大寺国見町１-１-１,34.69358,135.783169,近鉄京都線|近鉄奈良線|近鉄橿原線,近畿日本鉄道,3,C,24,駅データ.jp
3100217,3100217,橿原神宮前,橿原神宮前,奈良県,橿原市,橿原市,橿原市久米町６１８,34.483987,135.79434,近鉄南大阪線|近鉄吉野線|近鉄橿原線,近畿日本鉄道,3,C,32,駅データ.jp
3100539,3100539,伊賀神戸,伊賀神戸,三重県,伊賀市,伊賀市,伊賀市比土２６２８-３,34.673639,136.152854,伊賀鉄道伊賀線|近鉄大阪線,伊賀鉄道|近畿日本鉄道,2,C,23,駅データ.jp
3100548,3100548,伊勢中川,伊勢中川,三重県,松阪市,松阪市,松阪市嬉野中川町７５４,34.635028,136.477894,近鉄名古屋線|近鉄大阪線|近鉄山田線,近畿日本鉄道,3,C,24,駅データ.jp
3100801,3100801,近鉄四日市,近鉄四日市,三重県,四日市,四日市,四日市市安島１-１-５６,34.966495,136.618352,八王子線|内部線|近鉄名古屋線|近鉄湯の山線,四日市あすなろう鉄道|近畿日本鉄道,4,C,38,駅データ.jp
3101601,3101601,生駒,生駒,奈良県,生駒市,生駒市,生駒市元町１-１-１,34.692921,135.697542,生駒ケーブル|近鉄けいはんな線|近鉄奈良線|近鉄生駒線,近畿日本鉄道,4,C,38,駅データ.jp
3102019,3102019,近鉄奈良,奈良,奈良県,奈良市,奈良市,奈良市東向中町２９,34.684323,135.827472,近鉄京都線|近鉄奈良線,近畿日本鉄道,2,C,23,駅データ.jp
3102208,3102208,河内長野,河内長野,大阪府,河内長野市,河内長野市,河内長野市本町２９-９,34.450839,135.573124,南海高野線|近鉄長野線,南海電鉄|近畿日本鉄道,2,C,23,駅データ.jp
3102510,3102510,小倉,小倉,京都府,宇治市,宇治市,宇治市小倉町神楽町３５-４,34.89304,135.781914,近鉄京都線,近畿日本鉄道,1,A,60,駅データ.jp
3200103,3200103,天下茶屋,天下茶屋,大阪府,大阪市,大阪市西成区,大阪市西成区岸里１-１-１０,34.636847,135.496673,南海本線|南海高野線|大阪メトロ堺筋線,Osaka Metro|南海電鉄,3,C,24,駅データ.jp
3200104,3200104,岸里玉出,岸里玉出,大阪府,大阪市,大阪市西成区,大阪市西成区玉出東１-１-１７,34.627914,135.494773,南海本線|南海汐見橋線|南海高野線|阪堺電軌阪堺線,南海電鉄|阪堺電気軌道,4,C,30,駅データ.jp
3200124,3200124,貝塚,貝塚,大阪府,貝塚市,貝塚市,貝塚市海塚２５０-２,34.445466,135.357691,南海本線|水間鉄道水間線,南海電鉄|水間鉄道,2,C,23,駅データ.jp
3200128,3200128,泉佐野,泉佐野,大阪府,泉佐野市,泉佐野市,泉佐野市上町３-１１-４１,34.411153,135.316724,南海本線|南海空港線,南海電鉄,2,C,23,駅データ.jp
3200715,3200715,中百舌鳥,中百舌鳥,大阪府,堺市,堺市北区,堺市北区中百舌鳥町２丁１９６,34.556178,135.504899,南海高野線|大阪メトロ御堂筋線|泉北線,Osaka Metro|南海電鉄,3,C,24,駅データ.jp
3200901,3200901,汐見橋,汐見橋,大阪府,大阪市,大阪市浪速区,大阪市浪速区桜川３-８-７４,34.668208,135.487205,南海汐見橋線|大阪メトロ千日前線|阪神なんば線,Osaka Metro|南海電鉄|阪神電鉄,3,C,24,駅データ.jp
3300101,3300101,三条,三条,京都府,京都市,京都市東山区,京都市東山区三条大橋東詰,35.009169,135.772774,京都市営地下鉄東西線|京阪本線|京阪鴨東線,京都市交通局|京阪電鉄,3,C,24,駅データ.jp
3300115,3300115,石清水八幡宮,石清水八幡宮,京都府,八幡市,八幡市,八幡市八幡科手１,34.884593,135.699749,京阪本線|石清水八幡宮参道ケーブル,京阪電鉄,2,C,23,駅データ.jp
3300120,3300120,枚方市,枚方市,大阪府,枚方市,枚方市,枚方市岡東町１９-１４,34.816171,135.648814,京阪交野線|京阪本線,京阪電鉄,2,C,23,駅データ.jp
3300128,3300128,門真市,門真市,大阪府,門真市,門真市,門真市新橋町３６-７,34.737586,135.582878,京阪本線|大阪モノレール線,京阪電鉄|大阪モノレール株式会社,2,C,23,駅データ.jp
3300138,3300138,天満橋,天満橋,大阪府,大阪市,大阪市中央区,大阪市中央区谷町１-２-５,34.689952,135.516879,京阪中之島線|京阪本線|大阪メトロ谷町線,Osaka Metro|京阪電鉄,3,C,24,駅データ.jp
3300139,3300139,北浜,北浜,大阪府,大阪市,大阪市中央区,大阪市中央区北浜１-８-１６,34.692072,135.506686,京阪中之島線|京阪本線|大阪メトロ堺筋線,Osaka Metro|京阪電鉄,3,C,24,駅データ.jp
3300140,3300140,淀屋橋,淀屋橋,大阪府,大阪市,大阪市中央区,大阪市中央区北浜三丁目6-14,34.693014,135.501011,京阪中之島線|京阪本線|大阪メトロ御堂筋線,Osaka Metro|京阪電鉄,3,C,24,駅データ.jp
3300401,3300401,出町柳,出町柳,京都府,京都市,京都市左京区,京都市左京区賀茂大橋東詰,35.029917,135.772748,京阪本線|京阪鴨東線|叡山電鉄叡山本線,京阪電鉄|叡山電鉄,3,C,24,駅データ.jp
3300612,3300612,びわ湖浜大津,大津,滋賀県,大津市,大津市,大津市浜大津１-３-８,35.011283,135.863982,京阪京津線|京阪石山坂本線,京阪電鉄,2,C,23,駅データ.jp
3400103,3400103,十三,十三,大阪府,大阪市,大阪市淀川区,大阪市淀川区十三東２-１２-１,34.720226,135.48248,阪急京都本線|阪急宝塚本線|阪急神戸本線,阪急電鉄,3,A,60,駅データ.jp
3400108,3400108,西宮北口,西宮北口,兵庫県,西宮市,西宮市,西宮市高松町６-２０,34.745951,135.356702,阪急今津線|阪急神戸本線,阪急電鉄,2,A,60,駅データ.jp
3400213,3400213,川西能勢口,川西能勢口,兵庫県,川西市,川西市,川西市小花１-１-１０,34.827654,135.413393,能勢電鉄妙見線|阪急宝塚本線,能勢電鉄|阪急電鉄,2,C,23,駅データ.jp
3400303,3400303,大宮,大宮,京都府,京都市,京都市中京区,京都市中京区四条通大宮西入ル錦大宮町１２７,35.003388,135.748575,京福電鉄嵐山本線|阪急京都本線,京福電気鉄道|阪急電鉄,2,S,80,駅データ.jp
3400318,3400318,南茨木,南茨木,大阪府,茨木市,茨木市,茨木市天王２-１-１３,34.802779,135.564965,大阪モノレール線|阪急京都本線,大阪モノレール株式会社|阪急電鉄,2,C,23,駅データ.jp
3400322,3400322,JR淡路,JR淡路,大阪府,大阪市,大阪市東淀川区,大阪市東淀川区菅原5丁目11-14,34.739449,135.517638,おおさか東線|阪急京都本線|阪急千里線,JR西日本|阪急電鉄,3,C,24,駅データ.jp
3400811,3400811,天神橋筋六丁目,天神橋筋六丁目,大阪府,大阪市,大阪市北区,大阪市北区浪花町１４-２８,34.710435,135.510932,大阪メトロ堺筋線|大阪メトロ谷町線|阪急千里線,Osaka Metro|阪急電鉄,3,C,24,駅データ.jp
3500109,3500109,尼崎,尼崎,兵庫県,尼崎市,尼崎市,兵庫県尼崎市東御園町93,34.718634,135.417309,阪神なんば線|阪神本線,阪神電鉄,2,C,23,駅データ.jp
3600120,3600120,西鉄小郡,西鉄小郡,福岡県,小郡市,小郡市,小郡市祇園１-９-４,33.396942,130.553297,甘木鉄道甘木線|西鉄天神大牟田線,甘木鉄道|西日本鉄道,2,C,23,駅データ.jp
9910109,9910109,大通,札幌,北海道,札幌市,札幌市中央区,札幌市中央区大通西２,43.060479,141.354526,札幌市営地下鉄南北線|札幌市営地下鉄東西線|札幌市営地下鉄東豊線,札幌市交通局,3,C,24,駅データ.jp
9910503,9910503,函館アリーナ前,函館アリーナ前,北海道,函館市,函館市,函館市湯川町１-３２,41.782065,140.782006,函館市電２系統|函館市電５系統,函館市交通局,2,C,23,駅データ.jp
9920515,9920515,二戸,二戸,岩手県,二戸市,二戸市,二戸市石切所,40.25997,141.286211,いわて銀河鉄道線,IGRいわて銀河鉄道,1,C,23,駅データ.jp
9930915,9930915,守谷,守谷,茨城県,守谷市,守谷市,守谷市守谷甲２２１５-２,35.950626,139.992209,つくばエクスプレス|関東鉄道常総線,関東鉄道|首都圏新都市鉄道,2,C,23,駅データ.jp
9931210,9931210,中野,中野,群馬県,みどり市,みどり市,みどり市東町花輪,36.524243,139.317219,わたらせ渓谷線,わたらせ渓谷鐵道,1,A,60,駅データ.jp
9931212,9931212,神戸,神戸,群馬県,みどり市,みどり市,みどり市東町神戸,36.537467,139.35653,わたらせ渓谷線,わたらせ渓谷鐵道,1,C,20,駅データ.jp
9933413,9933413,高松,高松,東京都,立川市,立川市,立川市高松町１-１００,35.710158,139.413242,多摩モノレール,多摩都市モノレール,1,C,20,駅データ.jp
9940311,9940311,上田,上田,長野県,上田市,上田市,上田市天神１丁目１８８７番地,36.396635,138.249059,しなの鉄道線|上田電鉄別所線,しなの鉄道|上田交通,2,C,23,駅データ.jp
9940412,9940412,中野,中野,長野県,上田市,上田市,上田市大字中野字池下４９６-４,36.360654,138.193438,上田電鉄別所線,上田交通,1,A,60,駅データ.jp
9941005,9941005,南富山,南富山,富山県,富山市,富山市,富山市大町２１７-８,36.670445,137.22047,富山地鉄不二越・上滝線|富山地鉄市内線【１・２系統】,富山地方鉄道,2,C,23,駅データ.jp
9941902,9941902,新福井,福井,福井県,福井市,福井市,福井市日之出１-２５０２,36.064714,136.226721,えちぜん鉄道三国芦原線|えちぜん鉄道勝山永平寺線,えちぜん鉄道,2,C,23,駅データ.jp
9941903,9941903,福井口,福井口,福井県,福井市,福井市,福井市松本上町８字１３-１,36.071386,136.233176,えちぜん鉄道三国芦原線|えちぜん鉄道勝山永平寺線,えちぜん鉄道,2,C,23,駅データ.jp
9951119,9951119,山口,山口,愛知県,瀬戸市,瀬戸市,瀬戸市田中町,35.197656,137.102089,愛知環状鉄道線,愛知環状鉄道,1,C,20,駅データ.jp
9952015,9952015,神戸,神戸,愛知県,田原市,田原市,田原市神戸町字大坪,34.668253,137.278044,豊橋鉄道渥美線,豊橋鉄道,1,C,20,駅データ.jp
9960814,9960814,宮津,宮津,京都府,宮津市,宮津市,宮津市鶴賀,35.53441,135.199875,宮福線|宮舞線|宮豊線,京都丹後鉄道,3,C,32,駅データ.jp
9961808,9961808,本町,心斎橋,大阪府,大阪市,大阪市中央区,大阪市中央区船場中央４-１-６,34.681936,135.498982,大阪メトロ中央線|大阪メトロ四つ橋線|大阪メトロ御堂筋線,Osaka Metro,3,C,24,駅データ.jp
9961809,9961809,心斎橋,心斎橋,大阪府,大阪市,大阪市中央区,大阪市中央区心斎橋筋１-８-１６,34.675012,135.50033,大阪メトロ御堂筋線|大阪メトロ長堀鶴見緑地線,Osaka Metro,2,A,60,駅データ.jp
9963102,9963102,湊川,湊川,兵庫県,神戸市,神戸市兵庫区,神戸市兵庫区荒田町１-２０-３,34.679165,135.166637,有馬線|神戸市営地下鉄山手線|神戸高速南北線,神戸市交通局|神戸電鉄|神戸高速鉄道,3,C,24,駅データ.jp
9963309,9963309,三田本町,三田,兵庫県,三田市,三田市,三田市相生町１２-５,34.881805,135.229606,三田線|公園都市線,神戸電鉄,2,C,23,駅データ.jp
9963601,9963601,新神戸,新神戸,兵庫県,神戸市,神戸市中央区,神戸市中央区加納町１丁目,34.705898,135.19579,北神線|神戸市営地下鉄山手線,神戸市交通局,2,C,25,駅データ.jp
9970404,9970404,福井,福井,岡山県,倉敷市,倉敷市,倉敷市福井３９８-１,34.569804,133.744495,水島本線,水島臨海鉄道,1,C,30,駅データ.jp
9970901,9970901,本通,本通,広島県,広島市,広島市中区,広島市中区本通６-３０,34.393377,132.457003,アストラムライン|広電１号線(宇品線)|広電３号線|広電７号線,広島電鉄|広島高速交通,4,C,30,駅データ.jp
9971003,9971003,的場町,広島,広島県,広島市,広島市南区,広島市南区的場町１,34.393277,132.475076,広電１号線(宇品線)|広電２号線(宮島線)|広電５号線(皆実線)|広電６号線(江波線),広島電鉄,4,C,30,駅データ.jp
9971004,9971004,稲荷町,広島,広島県,広島市,広島市南区,広島市南区稲荷町,34.392569,132.471728,広電１号線(宇品線)|広電２号線(宮島線)|広電５号線(皆実線)|広電６号線(江波線),広島電鉄,4,C,30,駅データ.jp
9971005,9971005,銀山町,広島,広島県,広島市,広島市中区,広島市中区銀山町,34.393135,132.467866,広電１号線(宇品線)|広電２号線(宮島線)|広電６号線(江波線),広島電鉄,3,C,24,駅データ.jp
9971006,9971006,胡町,八丁堀,広島県,広島市,広島市中区,広島市中区胡町,34.393401,132.465076,広電１号線(宇品線)|広電２号線(宮島線)|広電６号線(江波線),広島電鉄,3,C,24,駅データ.jp
9971007,9971007,八丁堀,八丁堀,広島県,広島市,広島市中区,広島市中区胡町,34.393897,132.463403,広電１号線(宇品線)|広電２号線(宮島線)|広電６号線(江波線)|広電９号線(白島線),広島電鉄,4,C,30,駅データ.jp
9971008,9971008,立町,八丁堀,広島県,広島市,広島市中区,広島市中区立町,34.394569,132.460871,広電１号線(宇品線)|広電２号線(宮島線)|広電６号線(江波線),広島電鉄,3,C,24,駅データ.jp
9971009,9971009,紙屋町東,八丁堀,広島県,広島市,広島市中区,広島市中区紙屋町,34.395101,132.458167,広電１号線(宇品線)|広電２号線(宮島線)|広電６号線(江波線),広島電鉄,3,C,24,駅データ.jp
9971011,9971011,袋町,八丁堀,広島県,広島市,広島市中区,広島市中区大手町２,34.391187,132.456214,広電１号線(宇品線)|広電３号線|広電７号線,広島電鉄,3,C,24,駅データ.jp
9971012,9971012,中電前,八丁堀,広島県,広島市,広島市中区,広島市中区大手町３,34.388779,132.455399,広電１号線(宇品線)|広電３号線|広電７号線,広島電鉄,3,C,24,駅データ.jp
9971013,9971013,市役所前,本通,広島県,広島市,広島市中区,広島市中区大手町４,34.385875,132.454455,広電１号線(宇品線)|広電３号線|広電７号線,広島電鉄,3,C,24,駅データ.jp
9971014,9971014,鷹野橋,鷹野橋,広島県,広島市,広島市中区,広島市中区千田町１,34.383431,132.453918,広電１号線(宇品線)|広電３号線|広電７号線,広島電鉄,3,C,24,駅データ.jp
9971015,9971015,日赤病院前,日赤病院前,広島県,広島市,広島市中区,広島市中区千田町１,34.380952,132.455871,広電１号線(宇品線)|広電３号線|広電７号線,広島電鉄,3,C,24,駅データ.jp
9971016,9971016,広電本社前,広電本社前,広島県,広島市,広島市中区,広島市中区千田町３,34.377375,132.45821,広電１号線(宇品線)|広電３号線|広電７号線,広島電鉄,3,C,24,駅データ.jp
9971018,9971018,皆実町六丁目,皆実町六丁目,広島県,広島市,広島市南区,広島市南区皆実町６,34.374169,132.464454,広電１号線(宇品線)|広電５号線(皆実線)|広電７号線,広島電鉄,3,C,24,駅データ.jp
9971019,9971019,広大附属学校前,広大附属学校前,広島県,広島市,広島市南区,広島市南区皆実町６,34.371654,132.464583,広電１号線(宇品線)|広電５号線(皆実線)|広電７号線,広島電鉄,3,C,24,駅データ.jp
9971020,9971020,県病院前,県病院前,広島県,広島市,広島市南区,広島市南区宇品神田１,34.36875,132.464797,広電１号線(宇品線)|広電５号線(皆実線)|広電７号線,広島電鉄,3,C,24,駅データ.jp
9971021,9971021,宇品二丁目,宇品二丁目,広島県,広島市,広島市南区,広島市南区宇品神田２,34.366164,132.464519,広電１号線(宇品線)|広電５号線(皆実線)|広電７号線,広島電鉄,3,C,24,駅データ.jp
9971022,9971022,宇品三丁目,宇品三丁目,広島県,広島市,広島市南区,広島市南区宇品神田３,34.364216,132.464411,広電１号線(宇品線)|広電５号線(皆実線)|広電７号線,広島電鉄,3,C,24,駅データ.jp
9971023,9971023,宇品四丁目,宇品四丁目,広島県,広島市,広島市南区,広島市南区宇品神田５,34.35922,132.463853,広電１号線(宇品線)|広電５号線(皆実線)|広電７号線,広島電鉄,3,C,24,駅データ.jp
9971024,9971024,宇品五丁目,宇品五丁目,広島県,広島市,広島市南区,広島市南区宇品神田５,34.357343,132.46366,広電１号線(宇品線)|広電５号線(皆実線)|広電７号線,広島電鉄,3,C,24,駅データ.jp
9971025,9971025,海岸通,海岸通,広島県,広島市,広島市南区,広島市南区宇品海岸３,34.354898,132.463081,広電１号線(宇品線)|広電５号線(皆実線)|広電７号線,広島電鉄,3,C,24,駅データ.jp
9971026,9971026,元宇品口,元宇品口,広島県,広島市,広島市南区,広島市南区宇品海岸１,34.354048,132.459412,広電１号線(宇品線)|広電５号線(皆実線)|広電７号線,広島電鉄,3,C,24,駅データ.jp
9971027,9971027,広島港（宇品）,広島港（宇品）,広島県,広島市,広島市南区,広島市南区宇品海岸一丁目,34.352755,132.455184,広電１号線(宇品線)|広電５号線(皆実線)|広電７号線,広島電鉄,3,C,24,駅データ.jp
9971110,9971110,紙屋町西,十日市町,広島県,広島市,広島市中区,広島市中区紙屋町,34.395455,132.456965,広電２号線(宮島線)|広電３号線|広電６号線(江波線)|広電７号線,広島電鉄,4,C,30,駅データ.jp
9971111,9971111,原爆ドーム前,十日市町,広島県,広島市,広島市中区,広島市中区大手町１,34.396163,132.453918,広電２号線(宮島線)|広電３号線|広電６号線(江波線)|広電７号線,広島電鉄,4,C,30,駅データ.jp
9971112,9971112,本川町,十日市町,広島県,広島市,広島市中区,広島市中区本川町１,34.396942,132.450485,広電２号線(宮島線)|広電３号線|広電６号線(江波線)|広電７号線,広島電鉄,4,C,30,駅データ.jp
9971113,9971113,十日市町,十日市町,広島県,広島市,広島市中区,広島市中区十日市町１,34.397438,132.447138,広電２号線(宮島線)|広電３号線|広電６号線(江波線)|広電７号線|広電８号線(横川線),広島電鉄,5,C,35,駅データ.jp
9971114,9971114,土橋,十日市町,広島県,広島市,広島市中区,広島市中区堺町２,34.3948,132.446322,広電２号線(宮島線)|広電３号線|広電６号線(江波線)|広電８号線(横川線),広島電鉄,4,C,30,駅データ.jp
9980203,9980203,瓦町,瓦町,香川県,高松市,高松市,高松市常磐町１-３-１,34.338827,134.052529,琴電志度線|琴電琴平線|琴電長尾線,高松琴平電気鉄道,3,C,24,駅データ.jp
9980501,9980501,松山市,松山市,愛媛県,松山市,松山市,松山市湊町５,33.835937,132.762456,伊予鉄道市駅線（３系統）|伊予鉄道本町線（６系統）|伊予鉄道横河原線|伊予鉄道環状線（１系統）|伊予鉄道環状線（２系統）|伊予鉄道郡中線|伊予鉄道高浜線,伊予鉄道,7,B,43,駅データ.jp
9980608,9980608,古町,松山,愛媛県,松山市,松山市,松山市平和通６,33.846978,132.754998,伊予鉄道環状線（１系統）|伊予鉄道環状線（２系統）|伊予鉄道高浜線,伊予鉄道,3,C,24,駅データ.jp
9980609,9980609,大手町,松山,愛媛県,松山市,松山市,松山市大手町２,33.839726,132.755384,伊予鉄道松山駅前線（５系統）|伊予鉄道環状線（１系統）|伊予鉄道環状線（２系統）|伊予鉄道高浜線,伊予鉄道,4,C,30,駅データ.jp
9980802,9980802,南堀端,松山,愛媛県,松山市,松山市,松山市南堀端町,33.839213,132.761664,伊予鉄道市駅線（３系統）|伊予鉄道本町線（６系統）|伊予鉄道松山駅前線（５系統）|伊予鉄道環状線（１系統）|伊予鉄道環状線（２系統）,伊予鉄道,5,C,35,駅データ.jp
9980803,9980803,西堀端,松山,愛媛県,松山市,松山市,松山市大手町１,33.840173,132.758688,伊予鉄道本町線（６系統）|伊予鉄道松山駅前線（５系統）|伊予鉄道環状線（１系統）|伊予鉄道環状線（２系統）,伊予鉄道,4,C,30,駅データ.jp
9980809,9980809,本町六丁目,本町六丁目,愛媛県,松山市,松山市,松山市本町６,33.853472,132.758473,伊予鉄道本町線（６系統）|伊予鉄道環状線（１系統）|伊予鉄道環状線（２系統）,伊予鉄道,3,C,24,駅データ.jp
9980816,9980816,上一万,上一万,愛媛県,松山市,松山市,松山市中一万町,33.846737,132.775502,伊予鉄道市駅線（３系統）|伊予鉄道松山駅前線（５系統）|伊予鉄道環状線（１系統）|伊予鉄道環状線（２系統）,伊予鉄道,4,C,30,駅データ.jp
9980817,9980817,警察署前,警察署前,愛媛県,松山市,松山市,松山市勝山町２,33.844596,132.775354,伊予鉄道市駅線（３系統）|伊予鉄道松山駅前線（５系統）|伊予鉄道環状線（１系統）|伊予鉄道環状線（２系統）,伊予鉄道,4,C,30,駅データ.jp
9980818,9980818,勝山町,勝山町,愛媛県,松山市,松山市,松山市勝山町２,33.841709,132.774818,伊予鉄道市駅線（３系統）|伊予鉄道松山駅前線（５系統）|伊予鉄道環状線（１系統）|伊予鉄道環状線（２系統）,伊予鉄道,4,C,30,駅データ.jp
9980819,9980819,大街道,松山市,愛媛県,松山市,松山市,松山市大街道,33.841103,132.769861,伊予鉄道市駅線（３系統）|伊予鉄道松山駅前線（５系統）|伊予鉄道環状線（１系統）|伊予鉄道環状線（２系統）,伊予鉄道,4,C,30,駅データ.jp
9980820,9980820,県庁前,松山市,愛媛県,松山市,松山市,松山市一番町,33.841067,132.766364,伊予鉄道市駅線（３系統）|伊予鉄道松山駅前線（５系統）|伊予鉄道環状線（１系統）|伊予鉄道環状線（２系統）,伊予鉄道,4,C,30,駅データ.jp
9980821,9980821,市役所前,松山市,愛媛県,松山市,松山市,松山市二番町,33.839926,132.764819,伊予鉄道市駅線（３系統）|伊予鉄道松山駅前線（５系統）|伊予鉄道環状線（１系統）|伊予鉄道環状線（２系統）,伊予鉄道,4,C,30,駅データ.jp
9981010,9981010,道後公園,警察署前,愛媛県,後町,後町,松山市道後町１,33.848552,132.784989,伊予鉄道市駅線（３系統）|伊予鉄道松山駅前線（５系統）,伊予鉄道,2,C,23,駅データ.jp
9981011,9981011,道後温泉,上一万,愛媛県,後町,後町,松山市道後町１,33.850477,132.784817,伊予鉄道市駅線（３系統）|伊予鉄道松山駅前線（５系統）,伊予鉄道,2,C,23,駅データ.jp
9981709,9981709,長崎,長崎,高知県,高知市,高知市,高知市大津字長崎,33.575119,133.620722,ごめん線,土佐電気鉄道,1,A,60,駅データ.jp
9981733,9981733,はりまや橋,高知,高知県,高知市,高知市,高知市はりまや町１,33.559617,133.542852,ごめん線|伊野線|桟橋線,土佐電気鉄道,3,C,24,駅データ.jp
9990303,9990303,松山,松山,福岡県,田川郡糸田町,田川郡糸田町,田川郡糸田町糸田,33.668496,130.780537,糸田線,平成筑豊鉄道,1,C,20,駅データ.jp
9990506,9990506,天神,天神,福岡県,福岡市,福岡市中央区,福岡市中央区天神２丁目,33.591346,130.39906,福岡市営地下鉄空港線,福岡市交通局,1,S,80,駅データ.jp
9990708,9990708,金山,金山,福岡県,福岡市,福岡市城南区,福岡市城南区金山団地,33.559371,130.361561,福岡市営地下鉄七隈線,福岡市交通局,1,A,60,駅データ.jp
9991306,9991306,長崎大学,西浦上,長崎県,長崎市,長崎市,長崎市若葉町,32.785759,129.862282,長崎電軌１系統|長崎電軌３系統,長崎電気軌道,2,C,23,駅データ.jp
9991401,9991401,蛍茶屋,蛍茶屋,長崎県,長崎市,長崎市,長崎市中川町２,32.751135,129.894254,長崎電軌３系統|長崎電軌４系統|長崎電軌５系統,長崎電気軌道,3,C,24,駅データ.jp
9991402,9991402,新中川町,新中川町,長崎県,長崎市,長崎市,長崎市新中川町,32.752362,129.890435,長崎電軌３系統|長崎電軌４系統|長崎電軌５系統,長崎電気軌道,3,C,24,駅データ.jp
9991403,9991403,新大工町,新大工町,長崎県,長崎市,長崎市,長崎市新大工町,32.75238,129.886701,長崎電軌３系統|長崎電軌４系統|長崎電軌５系統,長崎電気軌道,3,C,24,駅データ.jp
9991404,9991404,諏訪神社,諏訪神社,長崎県,長崎市,長崎市,長崎市出来大工町,32.752596,129.884083,長崎電軌３系統|長崎電軌４系統|長崎電軌５系統,長崎電気軌道,3,C,24,駅データ.jp
9991405,9991405,市役所,長崎,長崎県,長崎市,長崎市,長崎市魚の町,32.74942,129.88065,長崎電軌３系統|長崎電軌４系統|長崎電軌５系統,長崎電気軌道,3,C,24,駅データ.jp
9992701,9992701,那覇空港,那覇空港,沖縄県,那覇市,那覇市,那覇市字鏡水９３８-５,26.206515,127.652214,ゆいレール,沖縄都市モノレール,1,S,80,駅データ.jp
