studio_title,api_status,google_name,match_confidence,website_uri,url_accessible,google_address,query_used
BUZZ新宿,OK,BUZZ新宿,1.0,https://buzz-st.com/shinjuku/,False,〒160-0023 東京都新宿区西新宿７丁目１６−４ 地下1階 Concierge高橋 BF,BUZZ新宿 東京都新宿区西新宿
レンタルダンススタジオ LANDstudio 新宿店,OK,LANDstudio 新宿店,0.703,https://land-studio.jp/?utm_source=gbp&utm_medium=referral,False,〒169-0073 東京都新宿区百人町１丁目２２−１９ 筒井ビル B1F,レンタルダンススタジオ LANDstudio 新宿店 東京都新宿区百人町
BUZZ レンタルスタジオ新宿コンシェルジュ店,OK,BUZZ新宿コンシェルジュ,0.743,https://buzz-st.com/shinjuku4,False,〒160-0023 東京都新宿区西新宿７丁目１６−４ Concierge高橋 BF 地下 一階,BUZZ レンタルスタジオ新宿コンシェルジュ店 東京都新宿区西新宿
BUZZ レンタルスタジオ 新宿ハウス店,OK,BUZZ新宿ハウス,0.667,https://buzz-st.com/shinjuku2,False,〒160-0023 東京都新宿区西新宿７丁目１６−１ Ｃｏｎｃｉｅｒｇｅ石原 スタジオ1F・2F,BUZZ レンタルスタジオ 新宿ハウス店 東京都新宿区西新宿
村田正樹タップダンス教室,OK,鳴る靴タップダンス教室【新宿】,0.593,https://www.narukutsu.com/,True,〒169-0074 東京都新宿区北新宿２丁目１−２,村田正樹タップダンス教室 東京都新宿区北新宿
BUZZ レンタルスタジオ新宿4丁目店,OK,BUZZ新宿4丁目,0.667,https://buzz-st.com/shinjuku3,False,〒160-0022 東京都新宿区新宿４丁目２−２１ 相模ビル B1F,BUZZ レンタルスタジオ新宿4丁目店 東京都新宿区新宿
レンタルスタジオ 301,OK,レンタルスタジオ 301,1.0,https://shierushan.com/,False,〒160-0021 東京都新宿区歌舞伎町２丁目８−１２ 新宿グリーンプラザ 301号,レンタルスタジオ 301 東京都新宿区歌舞伎町
BUZZ レンタルスタジオ 代々木店,OK,BUZZ代々木,0.609,https://buzz-st.com/yoyogi/,False,〒151-0053 東京都渋谷区代々木１丁目３６−１ B1,BUZZ レンタルスタジオ 代々木店 東京都渋谷区代々木
レンタルスペース「301」,OK,レンタルスペース「301」,1.0,https://shierushan.com/,False,〒160-0021 東京都新宿区歌舞伎町２丁目８−１２ 新宿グリーンプラザ 301号,レンタルスペース「301」 東京都新宿区歌舞伎町
レンタルスタジオ「Ten（テン）」,OK,レンタルスタジオ「Ten（テン）」,1.0,https://shierushan.com/,False,〒160-0021 東京都新宿区歌舞伎町２丁目８−１２ 新宿グリーンプラザ 303号,レンタルスタジオ「Ten（テン）」 東京都新宿区歌舞伎町
すむぞう 代々木スタジオ,OK,すむぞう 代々木スタジオ,1.0,,False,〒151-0053 東京都渋谷区代々木１丁目４５−７ C's YOYOGI 4F,すむぞう 代々木スタジオ 東京都渋谷区代々木
ACFit 赤坂見附スタジオ,OK,ACFit 赤坂見附スタジオ,1.0,,False,〒107-0052 東京都港区赤坂３丁目４−３ 赤坂マカベビル B1F,ACFit 赤坂見附スタジオ 東京都港区赤坂
渋谷店 レンタルダンススタジオ ＲＯＯＴＳ,OK,渋谷店 レンタルダンススタジオ ＲＯＯＴＳ,1.0,https://www.dancestudioroots.com/shibuya-2/,False,〒150-0011 東京都渋谷区東１丁目２４−８ トキワマツ72ビル A号,渋谷店 レンタルダンススタジオ ＲＯＯＴＳ 東京都渋谷区東
Be Rise Dance Studio,OK,Be Rise Dance Studio,1.0,https://br-dance.com/,False,〒174-0056 東京都板橋区志村１丁目３２−３０ 山和建物 1階,Be Rise Dance Studio 東京都板橋区志村
BUZZ SHIBUYA店,OK,BUZZ渋谷,0.444,http://buzz-st.com/shibuya/,False,〒150-0042 東京都渋谷区宇田川町４−１０ 宇田川町ビル B1～3F,BUZZ SHIBUYA店 東京都渋谷区宇田川町４-１０ 宇田川町ビル B1～3F
BUZZ レンタルスタジオ 池袋本店,OK,BUZZ池袋本店,0.667,https://buzz-st.com/ikebukuro4/,False,〒171-0022 東京都豊島区南池袋１丁目２０−１ 3F,BUZZ レンタルスタジオ 池袋本店 東京都豊島区南池袋
BUZZ レンタルスタジオ 高田馬場店,OK,BUZZ高田馬場,0.64,https://buzz-st.com/takadanobaba/,False,〒169-0075 東京都新宿区高田馬場４丁目１４−６ 地下1階,BUZZ レンタルスタジオ 高田馬場店 東京都新宿区高田馬場
BUZZ 池袋西口タワー,OK,BUZZ池袋西口タワー,1.0,http://buzz-st.com/ikebukuro3/,False,〒171-0014 東京都豊島区池袋２丁目３７−７ ジオ・ステージ池袋,BUZZ 池袋西口タワー 東京都豊島区池袋
BUZZ レンタルスタジオ池袋東口BASE,OK,BUZZ池袋東口BASE,0.75,https://buzz-st.com/ikebukuro5/,False,〒170-0013 東京都豊島区東池袋１丁目３６−７ B1,BUZZ レンタルスタジオ池袋東口BASE 東京都豊島区東池袋
BUZZ レンタルスタジオ 渋谷東口SQUARE店,OK,BUZZ渋谷東口SQUARE,0.757,https://buzz-st.com/shibuya3/,False,〒150-0002 東京都渋谷区渋谷２丁目２２−８ 名取ビル 1F,BUZZ レンタルスタジオ 渋谷東口SQUARE店 東京都渋谷区渋谷
CHILL STUDIO地域最安値第1位ダンススクール&レンタルスタジオ,OK,CHILL STUDIO,0.478,,False,〒197-0023 東京都福生市志茂２０１−２ 101,CHILL STUDIO地域最安値第1位ダンススクール&レンタルスタジオ 東京都福生市志茂２０１-２ 2SRビル 101
BUZZ レンタルスタジオ 渋谷PARK店,OK,BUZZ渋谷PARK,0.69,https://buzz-st.com/shibuya2/,False,〒150-0042 東京都渋谷区宇田川町１９−５,BUZZ レンタルスタジオ 渋谷PARK店 東京都渋谷区宇田川町１９-５
Cuuby dance school,NOT_FOUND,,0.0,,False,,Cuuby dance school 東京
Dance Studio Linda 中目黒,OK,Dance Studio Linda 中目黒,1.0,https://www.dancestudio-linda.com/,False,〒153-0043 東京都目黒区東山１丁目４−１３ ASA東山ビル １F,Dance Studio Linda 中目黒 東京都目黒区東山
スタジオセンティード Studio SENTIDO（レンタルスタジオ）,OK,スタジオセンティード Studio SENTIDO（レンタルスタジオ）,1.0,https://studiosentido.wixsite.com/rental,True,〒155-0031 東京都世田谷区北沢２丁目１８−５ 地下１階,スタジオセンティード Studio SENTIDO（レンタルスタジオ） 東京都世田谷区北沢
Dance zone RESPECT,OK,Dance zone RESPECT,1.0,https://hamamatsu.mypl.net/shop/00000362882/,False,〒435-0008 静岡県浜松市中央区松小池町４５５−１,Dance zone RESPECT 静岡県浜松市中央区松小池町４５５-１
蒲田・矢口渡レンタルスタジオ momobana,OK,蒲田・矢口渡レンタルスタジオ momobana,1.0,,False,〒146-0095 東京都大田区多摩川１丁目１８−１ マーシュウェル多摩川 2階,蒲田・矢口渡レンタルスタジオ momobana 東京都大田区多摩川
EXスタジオ麹町,OK,EXスタジオ麹町,1.0,https://exstudio.pro/,False,〒102-0083 東京都千代田区麹町２丁目２−４ 5階,EXスタジオ麹町 東京都千代田区麹町
FACTORYカレッタスタジオ,OK,FACTORYカレッタスタジオ,1.0,https://www.factory-studio.jp/caretta/,True,〒105-7001 東京都港区東新橋１丁目８−１ B2 カレッタスタジオ,FACTORYカレッタスタジオ 東京都港区東新橋
FANTASY DANCE SCHOOL 八王子店,OK,FANTASY DANCE SCHOOL 八王子店,1.0,https://www.dance-hachioji.com/,False,〒192-0904 東京都八王子市子安町１丁目２６−１４,FANTASY DANCE SCHOOL 八王子店 東京都八王子市子安町
FunnyTips（ファニーティップス）,OK,FunnyTips（ファニーティップス）,1.0,https://infofunnytips.wixsite.com/funnytips,True,〒101-0021 東京都千代田区外神田５丁目５−７ パンセ秋葉原 B1F,FunnyTips（ファニーティップス） 東京都千代田区外神田
スタジオLINOVA（リノ・バ）,OK,スタジオLINOVA（リノ・バ）,1.0,https://www.linova.jp/,False,〒167-0054 東京都杉並区松庵３丁目１−６ 松庵ユニオンビル B1,スタジオLINOVA（リノ・バ） 東京都杉並区松庵
HuE スタジオ,OK,HUE DANCE STUDIO,0.286,https://hue-studio.net/,False,〒676-0078 兵庫県高砂市伊保２丁目５−１８ ロイヤルコーポ 伊保 103,HuE スタジオ 兵庫県高砂市伊保
トゥモローダンスクラブ｜蔵前教室,OK,Tomorrow Dance Club｜蔵前教室,0.263,https://lin.ee/I6f66Rl,False,〒111-0051 東京都台東区蔵前４丁目３３−３３ エニックス蔵前 2F,トゥモローダンスクラブ｜蔵前教室 東京都台東区蔵前
JOINT STUDO Harajuku,OK,JOINT HARAJUKU Bar&Gallery,0.619,https://joint-harajuku.com/,True,〒150-0001 東京都渋谷区神宮前４丁目２９−９ 2F,JOINT STUDO Harajuku 東京都渋谷区神宮前
BUZZ レンタルスタジオ 上野店,OK,BUZZ上野,0.571,http://buzz-st.com/ueno2/,False,〒110-0003 東京都台東区根岸３丁目６−３ 地下1階,BUZZ レンタルスタジオ 上野店 東京都台東区根岸
BUZZ LIVE 赤坂,OK,BUZZ LIVE 赤坂,1.0,https://buzz-st.com/live-akasaka,False,〒107-0052 東京都港区赤坂３丁目１５−３ 忍路ビル B1,BUZZ LIVE 赤坂 東京都港区赤坂
BUZZ YOKOHAMA,OK,BUZZ横浜,0.444,https://buzz-st.com/yokohama/,False,〒221-0835 神奈川県横浜市神奈川区鶴屋町１丁目2−１ INUYAMA BUILD 地下1階,BUZZ YOKOHAMA 神奈川県横浜市神奈川区鶴屋町
M Ballet Studio,OK,M Ballet Studio,1.0,,False,〒192-0902 東京都八王子市上野町１７−５ SKダンススタジオ 内,M Ballet Studio 東京都八王子市上野町１７-５ SKダンススタジオ 内
BUZZ レンタルスタジオ浦和店,OK,BUZZ浦和,0.571,https://buzz-st.com/urawa/,False,〒330-0063 埼玉県さいたま市浦和区高砂２丁目６−１３ あずさビル B1,BUZZ レンタルスタジオ浦和店 埼玉県さいたま市浦和区高砂
Manohiva Japan,OK,Manohiva Japan,1.0,https://www.manohivajapan.net/,True,〒140-0013 東京都品川区南大井３丁目２０−１１ 伊藤ビル 201,Manohiva Japan 東京都品川区南大井
NANSO STUDIO,OK,キックボクシングいすみ NANSO STUDIO,0.667,https://nansome.me/gym/,False,〒298-0133 千葉県いすみ市引田１１８,NANSO STUDIO 千葉県いすみ市引田１１８
neu 168 Dance Studio,OK,neu 168 Dance Studio,1.0,https://www.iknoelleballetcontemporary.com/,True,〒156-0057 東京都世田谷区上北沢３丁目３３−５,neu 168 Dance Studio 東京都世田谷区上北沢
NML dance studioふじみ野校,OK,NML dance studioふじみ野校,1.0,https://www.nmldancestudio.com/,False,〒356-0057 埼玉県入間郡ふじみ野市市沢１丁目１１−４６ FNビル 101,NML dance studioふじみ野校 埼玉県富士見市ふじみ野東
STUDIO A1-04（レンタルスタジオ）,OK,STUDIO A1-04（レンタルスタジオ）,1.0,,False,〒150-0021 東京都渋谷区恵比寿西１丁目１４−３ 満栄佐藤ビル 2階 202号室,STUDIO A1-04（レンタルスタジオ） 東京都渋谷区恵比寿西
リリィ スタジオ&カフェ レンタルカフェ,OK,リリィ スタジオ&カフェ レンタルカフェ,1.0,,False,〒156-0052 東京都世田谷区経堂２丁目７−１４−１０２,リリィ スタジオ&カフェ レンタルカフェ 東京都世田谷区経堂
Refinement リファインメント PBT専門スタジオ,OK,Puffin Studio,0.205,https://www.puffin-studio.com/,False,〒169-0051 東京都新宿区西早稲田３丁目１２−４ サンハイツ早稲田 203号,Refinement リファインメント PBT専門スタジオ 東京
BUZZ 高田馬場2丁目,OK,BUZZ高田馬場2丁目,1.0,https://buzz-st.com/takadanobaba2,False,〒169-0075 東京都新宿区高田馬場２丁目１０−１０ ミナエビル,BUZZ 高田馬場2丁目 東京都新宿区高田馬場
BUZZ レンタルスタジオ 西国分寺店,OK,BUZZ西国分寺,0.64,https://buzz-st.com/nishikokubunji/,False,〒185-0024 東京都国分寺市泉町３丁目３７−２５ 天龍ビル B1,BUZZ レンタルスタジオ 西国分寺店 東京都国分寺市泉町
STUDIO CHACHA,OK,STUDIO CHACHA,1.0,https://jco1b.hp.peraichi.com/,False,〒187-0035 東京都小平市小川西町４丁目１４−２２,STUDIO CHACHA 東京都小平市小川西町
BUZZ レンタルスタジオ 国分寺店,OK,BUZZ国分寺,0.609,https://buzz-st.com/kokubunji/,False,〒185-0021 東京都国分寺市南町３丁目２７−７ 白馬ビル B1F,BUZZ レンタルスタジオ 国分寺店 東京都国分寺市南町
studio 001,OK,studio 001,1.0,http://studionavi.jp/sites/detail_contact/128,False,〒115-0055 東京都北区赤羽西３丁目２３−１ 001,studio 001 東京都北区２３ 東京都北区 赤羽西3-23-1 001
Studio BLANZ,OK,Studio BLANZ,1.0,http://studioblanz.wix.com/blanz,False,〒170-0011 東京都豊島区池袋本町４丁目４５−１ 芙蓉ビル 1F&B1F,Studio BLANZ 東京都豊島区池袋本町
STUDIO BUZZ 相模原校,OK,スクールBUZZ 相模原校,0.615,http://buzz-st.com/sagamihara/,False,〒252-0239 神奈川県相模原市中央区中央５丁目１−２ ベルドールコート B1,STUDIO BUZZ 相模原校 神奈川県相模原市中央区中央
レンタルスタジオKACHA,OK,レンタルスタジオKACHA,1.0,,False,〒158-0097 東京都世田谷区用賀２丁目３８−１４ 天虎ビル 202,レンタルスタジオKACHA 東京都世田谷区用賀
duobus studio｜デュオバススタジオ,OK,duobus studio｜デュオバススタジオ,1.0,https://duobus.jp/studiorental/,False,〒190-0011 東京都立川市高松町２丁目１７−３ 清水ビル 302,duobus studio｜デュオバススタジオ 東京都立川市高松町
STUDIO PRIME 若葉校,OK,STUDIO PRIME 若葉校,1.0,,False,〒350-0214 埼玉県坂戸市千代田３丁目５−１０ 庄司ビル 1F,STUDIO PRIME 若葉校 埼玉県坂戸市千代田
STUDIO SPACE COREDO NOGIZAKA｜スタジオスペース コレド 乃木坂,OK,BAR COREDO 乃木坂,0.385,http://www.barcoredo.com/,False,〒107-0052 東京都港区赤坂９丁目６−４１ 乃木坂ビル B1,STUDIO SPACE COREDO NOGIZAKA｜スタジオスペース コレド 乃木坂 東京都港区赤坂
ダンススタジオR 小杉レンタルスタジオ,OK,ダンススタジオR 小杉新丸子 dancestudioR Kosugi Shinmaruko,0.339,https://bit.ly/3a143ph,False,〒211-0062 神奈川県川崎市中原区小杉陣屋町１丁目２３−７,ダンススタジオR 小杉レンタルスタジオ 神奈川県川崎市中原区小杉陣屋町
STUDIOフェーム,OK,STUDIOフェーム,1.0,http://www.fame-company.com/,False,〒124-0024 東京都葛飾区新小岩１丁目４２−４ 明治屋ビル,STUDIOフェーム 東京都葛飾区新小岩
すむぞうスタジオ 渋谷公園通りスタジオPINK&BLUE(ピンクアンドブルー),OK,すむぞうスタジオ,0.348,https://studio.sumuzo.info/,False,〒150-0041 東京都渋谷区神南１丁目１１−５ B1,すむぞうスタジオ 渋谷公園通りスタジオPINK&BLUE(ピンクアンドブルー) 東京都渋谷区宇田川町１９-５ 山手マンション 604
BUZZ渋谷MARKCITY,OK,BUZZ渋谷MARKCITY,1.0,https://buzz-st.com/shibuya4,False,〒150-0043 東京都渋谷区道玄坂１丁目１７−１７ 9BUZZビル,BUZZ渋谷MARKCITY 東京都渋谷区道玄坂
ＹＡＲＩＴＡＹＵ‐ＢＡＬＬＥＴ・ＳＴＵＤＩＯ,OK,ＹＡＲＩＴＡＹＵ‐ＢＡＬＬＥＴ・ＳＴＵＤＩＯ,1.0,http://yaritayu-balletstudio.com/yy/,False,〒206-0824 東京都稲城市若葉台２丁目４−２,ＹＡＲＩＴＡＹＵ‐ＢＡＬＬＥＴ・ＳＴＵＤＩＯ 東京都稲城市若葉台
アートクリエイションスタジオ,OK,アートクリエイションスタジオ,1.0,https://sites.google.com/view/acs-ikuta,True,〒214-0036 神奈川県川崎市多摩区南生田３丁目３−５ １Ｆ,アートクリエイションスタジオ 神奈川県川崎市多摩区南生田
ムーンプレイス レンタルスタジオ蔵前,OK,ムーンプレイス レンタルスタジオ蔵前,1.0,https://kashispace.com/room/detail?id=5058,True,〒111-0043 東京都台東区駒形２丁目１−５ ３階,ムーンプレイス レンタルスタジオ蔵前 東京都台東区駒形
ウチノダンススタジオ,OK,ウチノダンススタジオ,1.0,http://www.danceview.co.jp/feature/0904_07.html,False,〒136-0071 東京都江東区亀戸２丁目３７−９ 第一不動産ビル,ウチノダンススタジオ 東京都江東区亀戸
修子バレエアカデミー,OK,修子バレエアカデミー,1.0,https://www.shukoballetacademy.jp/,True,"ニュータウンオークボ 1F, ３丁目-１０-1 大久保 新宿区 東京都 169-0072","修子バレエアカデミー ニュータウンオークボ 1F,"
BUZZ レンタルスタジオ 神田店,OK,BUZZ神田,0.571,https://buzz-st.com/kanda/,False,〒101-0047 東京都千代田区内神田２丁目９−９ 神田西口ビル B1F,BUZZ レンタルスタジオ 神田店 東京都千代田区内神田
BUZZ レンタルスタジオ 秋葉原店,OK,BUZZ秋葉原,0.609,http://buzz-st.com/akihabara/,False,〒101-0032 東京都千代田区岩本町２丁目６−１２ 曙ビル B1,BUZZ レンタルスタジオ 秋葉原店 東京都千代田区岩本町
キッズダンススタジオ Sunny Piece,OK,キッズダンススタジオ Sunny Piece,1.0,https://sunnypiece.jp/kawagoe,True,〒350-0056 埼玉県川越市松江町１丁目７−５,キッズダンススタジオ Sunny Piece 埼玉県川越市松江町
エーススタジオ,OK,エーススタジオ（廃業）,0.778,,False,〒190-0022 東京都立川市錦町２丁目１,エーススタジオ 東京都立川市錦町
WPG,OK,WPG,1.0,https://worldplayground.jp/,False,〒171-0014 東京都豊島区池袋２丁目６８−９ 602号室,WPG 東京都豊島区池袋
トゥモローダンスクラブ｜日暮里教室,OK,Tomorrow Dance Club｜日暮里教室,0.3,https://lin.ee/I6f66Rl,False,〒116-0013 東京都荒川区西日暮里２丁目２６−１０ 日暮里プラレールビル 5階 J DANCERS LABO内,トゥモローダンスクラブ｜日暮里教室 東京都荒川区西日暮里
ガルバスタジオ幡ヶ谷/GARBA写真館,OK,ガルバスタジオ幡ヶ谷/GARBA写真館,1.0,https://garbastudiohatagaya.com/,False,〒151-0072 東京都渋谷区幡ケ谷２丁目１７−７,ガルバスタジオ幡ヶ谷/GARBA写真館 東京都渋谷区幡ケ谷
キッズダンススタジオSerenita西新井店,OK,キッズダンススタジオSerenita西新井店,1.0,http://yoga-serenita.com/kidsdance,False,〒123-0842 東京都足立区栗原１丁目７−２０ 3階,キッズダンススタジオSerenita西新井店 東京都足立区栗原
キャナリー,OK,Canari vintage 代々木八幡,0.0,http://canari-vintage.com/,False,〒151-0064 東京都渋谷区上原１丁目４７−４,キャナリー 東京都渋谷区渋谷
"レンタルスタジオDance""MOVE""!!",OK,"ダンスムーヴ Dance""MOVE""!!",0.75,https://www.instagram.com/mikimove.miki?igsh=MXBza25xOW0zdnIyNA%3D%3D&utm_source=qr,True,〒165-0027 東京都中野区野方５丁目３０−６ ひろきやビル 2階,"レンタルスタジオDance""MOVE""!! 東京都中野区野方"
ささらバレエアカデミー 平井駅,OK,ささらバレエアカデミー 平井駅,1.0,https://sasala-ballet.com/,False,〒132-0035 東京都江戸川区平井５丁目２２−１２,ささらバレエアカデミー 平井駅 東京都江戸川区平井
サムシン コンビニエンス スタジオ,OK,サムシン コンビニエンス スタジオ,1.0,http://sumthin-studio.com/,False,〒104-0032 東京都中央区八丁堀２丁目１−２ 水澤ビル 3F,サムシン コンビニエンス スタジオ 東京都中央区八丁堀
サン・スタジオ,OK,サン・スタジオ,1.0,http://www.sun-studio1.com/,False,〒152-0034 東京都目黒区緑が丘２丁目７−８,サン・スタジオ 東京都目黒区緑が丘
BUZZ田無,OK,BUZZ田無,1.0,https://buzz-st.com/tanashi/,False,〒188-8511 東京都西東京市田無町３丁目１０−１５ 京屋ビル 2階,BUZZ田無 東京都西東京市田無町
ジムスタジオ IT'S MY TIME府中駅前店,OK,ジムスタジオ IT'S MY TIME府中駅前店,1.0,http://mytime2000.com/,True,〒183-0023 東京都府中市宮町１丁目23−３ 関口ビル 1階,ジムスタジオ IT'S MY TIME府中駅前店 東京都府中市宮町
ジャパンポールダンス,OK,ジャパンポールダンス,1.0,https://www.japan-poledance.com/,False,〒160-0021 東京都新宿区歌舞伎町１丁目２３−１２ 第一桑原ビル 5F,ジャパンポールダンス 東京都新宿区歌舞伎町
シュミネAスタジオStudioStyle+,OK,シュミネAスタジオStudioStyle+,1.0,https://studiostyle.jp/chemine-a-studio/,False,〒169-0073 東京都新宿区百人町１丁目２４−７,シュミネAスタジオStudioStyle+ 東京都新宿区百人町
スタジオ レセルバ,OK,BUZZ赤坂,0.0,https://buzz-st.com/akasaka2,False,〒107-0052 東京都港区赤坂２丁目１３−２０ BUZZ Bldg,スタジオ レセルバ 東京都港区赤坂
BUZZ レンタルスタジオ赤坂店,OK,BUZZ赤坂,0.571,https://buzz-st.com/akasaka2,False,〒107-0052 東京都港区赤坂２丁目１３−２０ BUZZ Bldg,BUZZ レンタルスタジオ赤坂店 東京都港区赤坂
スタジオ・リアル,OK,スタジオ・リアル,1.0,http://studio-real.tokyo/,False,〒164-0013 東京都中野区弥生町１丁目５５−１１ エムエスエスビル 2Ｆ,スタジオ・リアル 東京都中野区弥生町
BUZZ レンタルスタジオ 六本木店,OK,BUZZ六本木,0.609,https://buzz-st.com/roppongi/,False,〒106-0032 東京都港区六本木４丁目５−７ 地下1階,BUZZ レンタルスタジオ 六本木店 東京都港区六本木
スタジオM,OK,スタジオM,1.0,http://m1986m.org/,False,〒141-0032 東京都品川区大崎２丁目７−２,スタジオM 東京都品川区大崎
スタジオWITHテライダンスカンパニー,OK,スタジオWITH,0.593,,False,〒116-0014 東京都荒川区東日暮里６丁目４５−３ ハイウエストビル ハイウエストビル3F,スタジオWITHテライダンスカンパニー 東京都荒川区東日暮里
スタジオハクーロ,OK,スタジオハクーロ,1.0,http://www.hakuuro.net/,False,〒155-0032 東京都世田谷区代沢２丁目４６ 三宅ビル,スタジオハクーロ 東京都世田谷区代沢
スタジオファイン,OK,スタジオファイン,1.0,http://s-fine.jp/,True,〒297-0012 千葉県茂原市六ツ野１９６１−２ KSビル,スタジオファイン 千葉県茂原市六ツ野１９６１-２ KSビル
スタジオペンタ五反田店,OK,スタジオペンタ五反田店,1.0,https://studiopenta.jp/rehearsal/gotanda/,True,〒141-0022 東京都品川区東五反田１丁目１２−９,スタジオペンタ五反田店 東京都品川区東五反田
スタジオリリオ＆カフェ,OK,スタジオリリオ＆カフェ,1.0,https://studio-lirio-cafe.com/,False,〒125-0061 東京都葛飾区亀有３丁目２９ 亀有3-29-1リリオ弐番館B1,スタジオリリオ＆カフェ 東京都葛飾区２９ 亀有3-29-1リリオ弐番館B1
BUZZ レンタルスタジオ巣鴨店,OK,BUZZ巣鴨,0.571,https://buzz-st.com/sugamo/,False,〒170-0002 東京都豊島区巣鴨２丁目４−６ B1,BUZZ レンタルスタジオ巣鴨店 東京都豊島区巣鴨
スペースアルファ,OK,スペースアルファ,1.0,http://spacealpha.co.jp/,False,〒168-0064 東京都杉並区永福４丁目１９−７,スペースアルファ 東京都杉並区永福
スペースアルファ㈱光音社,OK,スペースアルファ㈱光音社,1.0,http://spacealpha.co.jp/,False,〒168-0064 東京都杉並区永福４丁目１９−７ ハイツ セキ B1F,スペースアルファ㈱光音社 東京都杉並区永福
ソードミュージック多目的スタジオ,OK,ソードミュージック多目的スタジオ,1.0,https://www.swordmusic.com/studio,True,〒182-0015 東京都調布市八雲台２丁目１−１０,ソードミュージック多目的スタジオ 東京都調布市八雲台
タケウチ,OK,タケウチ ダンススタジオ,0.533,http://www13.plala.or.jp/tacsan/index.html,False,〒211-0006 神奈川県川崎市中原区丸子通１丁目６３６−１,タケウチ 神奈川県川崎市中原区丸子通
タップダンススタジオ,OK,KAZ TAP STUDIO TOKYO タップダンススタジオ,0.541,https://www.instagram.com/kaztapstudio?igsh=MXNhdG1rOG81OGUwNw%3D%3D&utm_source=qr,True,〒153-0051 東京都目黒区上目黒１丁目５−１０ B1 中目黒マンションB1F−10号室,タップダンススタジオ 東京都目黒区上目黒
大井町店 レンタルスペースROOTS,OK,大井町店 レンタルスペースROOTS,1.0,https://dancestudioroots.com/ooimachi/,True,〒140-0014 東京都品川区大井４丁目８−１１ L HOUSE 地下 一階,大井町店 レンタルスペースROOTS 東京都品川区大井
ダンススクール レンタルスタジオ studio LINK スタジオリンク,OK,ダンススクール レンタルスタジオ studio LINK スタジオリンク,1.0,,False,〒164-0012 東京都中野区本町４丁目３０−１１ B1,ダンススクール レンタルスタジオ studio LINK スタジオリンク 東京都中野区本町
ダンススタジオ,OK,DANCE STUDIO BOOGIE（北見ダンススタジオブギー）,0.368,,False,〒090-0042 北海道北見市北２条西４丁目13−２,ダンススタジオ 北海道北見市北２条西
"Dance space BUG FIX,",OK,"Dance space BUG FIX,",1.0,https://www.studiobugfix.com/,True,〒283-0826 千葉県東金市山田字稲荷谷６６９−３８,"Dance space BUG FIX, 千葉県東金市山田 字稲荷谷669-38"
ダンススタジオJJ,OK,ダンススタジオJJ,1.0,http://stjjkawagoe.com/,True,〒350-1123 埼玉県川越市脇田本町１４−３７ Mビル ５階,ダンススタジオJJ 埼玉県川越市脇田町３-１６ 丸石ビルディング 6階
ダンススタジオブリリアント,OK,ダンススタジオブリリアント,1.0,https://dancestudio-brilliant.jimdofree.com/,True,〒669-1522 兵庫県三田市下田中５８７−１,ダンススタジオブリリアント 兵庫県三田市下田中５８７-１
ダンススタジオ新宿（レンタルスタジオ）,OK,ダンススタジオ新宿（レンタルスタジオ）,1.0,,False,〒350-1124 埼玉県川越市新宿町５丁目19−５８,ダンススタジオ新宿（レンタルスタジオ） 埼玉県川越市新宿町
ダンスレンタルスタジオ プラーナ,OK,多摩市 聖蹟桜ヶ丘 レンタルスタジオ プラーナ,0.686,http://www.studio-pura-na.com/,True,〒206-0011 東京都多摩市関戸２丁目３２−５ カネシロビルB1,ダンスレンタルスタジオ プラーナ 東京都多摩市関戸
BUZZ レンタルスタジオ 池袋西口PARK店,OK,BUZZ池袋西口PARK,0.727,https://buzz-st.com/ikebukuro6/,False,〒171-0021 東京都豊島区西池袋３丁目３０−１０ ライオンビル B1,BUZZ レンタルスタジオ 池袋西口PARK店 東京都豊島区西池袋
BUZZ池袋サンシャイン,OK,BUZZ池袋サンシャイン,1.0,https://buzz-st.com/ikebukuro7,False,〒170-0013 東京都豊島区東池袋１丁目２６−３,BUZZ池袋サンシャイン 東京都豊島区東池袋
ちるどれ 上町スタジオ,OK,ちるどれぷらす,0.471,,False,〒540-0005 大阪府大阪市中央区上町１丁目６−１１,ちるどれ 上町スタジオ 大阪府大阪市中央区上町
ソニズレンタルスタジオ新中野鍋横店,OK,ソニズレンタルダンススタジオ新中野鍋横第1・第3,0.8,https://sonysdance.com/,True,〒164-0011 東京都中野区中央３丁目３４−３ B1階,ソニズレンタルスタジオ新中野鍋横店 東京都中野区中央
レンタルスタジオ マイレッスン 町田スタジオ2号,OK,レンタルスタジオマイレッスン 町田２号店,0.878,,False,〒194-0021 東京都町田市中町１丁目１５−１１ U&Eビル B1F,レンタルスタジオ マイレッスン 町田スタジオ2号 東京都町田市中町
ハレスタジオ参宮橋,OK,ハレスタジオ参宮橋,1.0,https://www.hale-studio.com/?utm_source=google&utm_medium=wix_google_business_profile&utm_campaign=17548285089529494699,False,〒151-0053 東京都渋谷区代々木４丁目２８−８ 代々木村田マンション 509,ハレスタジオ参宮橋 東京都渋谷区代々木
ブロックオン,OK,ブロックオン,1.0,,False,〒180-0002 東京都武蔵野市吉祥寺東町１丁目２−２ オリエントプラザ丹野,ブロックオン 東京都武蔵野市吉祥寺東町
スイープスタジオ,OK,スイープスタジオ,1.0,https://www.on-stage.shop/,True,〒173-0004 東京都板橋区板橋２丁目６１−４ 板橋マリオン B1,スイープスタジオ 東京都板橋区板橋
スタジオチアベル studioCheerBell （チアダンス教室）,OK,スタジオ,0.222,,False,〒175-0082 東京都板橋区高島平８丁目１３−６ こがねビル 2階,スタジオチアベル studioCheerBell （チアダンス教室） 東京都板橋区高島平
BUZZ レンタルスタジオ 大阪京橋店,OK,BUZZ大阪京橋,0.64,https://buzz-st.com/osakakyobashi/,False,〒534-0024 大阪府大阪市都島区東野田町２丁目９−２３ 晃進ビル B2F,BUZZ レンタルスタジオ 大阪京橋店 大阪府大阪市都島区東野田町
ミハタホール,OK,ミハタ・貸ダンスホール,0.75,,False,〒168-0074 東京都杉並区上高井戸１丁目２−４ ポルトメウス,ミハタホール 東京都杉並区上高井戸
ヨガ・ピラティススタジオSerenita西新井店,OK,ヨガ・ピラティススタジオSerenita西新井店,1.0,http://yoga-serenita.com/,False,〒123-0842 東京都足立区栗原１丁目７−２０,ヨガ・ピラティススタジオSerenita西新井店 東京都足立区栗原
レンタルスタジオ ATELIER K.K. ?アトリエKK?,OK,レンタルスタジオ ATELIER K.K. −アトリエKK−,0.926,,False,〒153-0051 東京都目黒区上目黒１丁目５−１０ B1F−11号室,レンタルスタジオ ATELIER K.K. ?アトリエKK? 東京都目黒区上目黒
レンタルスタジオ KeikoBa P,OK,レンタルスタジオ KeikoBa P,1.0,https://www.tehono.jp/keikoba-p,True,〒154-0004 東京都世田谷区太子堂２丁目３０−５ 地下一階,レンタルスタジオ KeikoBa P 東京都世田谷区太子堂
レンタルスタジオ REBRI,OK,レンタルスタジオ REBRI,1.0,,False,〒192-0085 東京都八王子市中町７−７ ニシカワビル 5F,レンタルスタジオ REBRI 東京都八王子市中町７-７ ニシカワビル 5F
レンタルスタジオ Studio One,OK,レンタルスタジオ Studio One,1.0,,False,〒114-0031 東京都北区十条仲原１丁目８−２６ 清水ビル,レンタルスタジオ Studio One 東京都北区十条仲原
レンタルスタジオ・Ｆ,OK,レンタルスタジオ・Ｆ,1.0,,False,〒187-0032 東京都小平市小川町１丁目８３８,レンタルスタジオ・Ｆ 東京都小平市小川町
BUZZ レンタルスタジオ八王子店,OK,BUZZ八王子,0.609,https://buzz-st.com/hachioji/,False,〒192-0082 東京都八王子市東町１１−３ センチュリーステーションビル B1,BUZZ レンタルスタジオ八王子店 東京都八王子市東町１１-３ センチュリーステーションビル B1
レンタルスタジオ・ジェッター,OK,レンタルスタジオ・ジェッター,1.0,http://www.kyoei-1001.com/?page_id=2585,True,〒409-0112 山梨県上野原市上野原１００１ 協栄ビル,レンタルスタジオ・ジェッター 山梨県上野原市上野原１００１ 協栄ビル
スタジオ カノン 東町店,OK,スタジオ カノン 東町店,1.0,https://spacemarket.com/p/sp/0_c_mhwv6awbu3g2,False,〒184-0011 東京都八王子市東町２丁目２−９,スタジオ カノン 東町店 東京都八王子市東町
レンタルスタジオ「マナビバ」戸越スタジオ,OK,レンタルスタジオ戸越,0.667,,False,〒142-0041 東京都品川区戸越２丁目１−３ 丸雄建築ビル 2F,レンタルスタジオ「マナビバ」戸越スタジオ 東京都品川区戸越
レンタルスタジオEVERGREEN,OK,レンタルスタジオEVERGREEN,1.0,,False,〒110-0005 東京都台東区上野３丁目２０−１０ 木下ビル 3階,レンタルスタジオEVERGREEN 東京都台東区上野
レンタルスペース リノスペcamp東京ドーム,OK,レンタルスペース リノスペcamp東京ドーム,1.0,https://lin.ee/a6tOsHu,True,〒101-0061 東京都千代田区神田三崎町２丁目１２−５ 3F-A,レンタルスペース リノスペcamp東京ドーム 東京都千代田区神田三崎町
レンタルホールフレンド永山,OK,レンタルホールフレンド永山,1.0,,False,〒206-0024 東京都多摩市諏訪２丁目１２−１２ アクロスビル 2階,レンタルホールフレンド永山 東京都多摩市諏訪
レンタル撮影スタジオDOLLY飯田橋1号店,OK,レンタル撮影スタジオDOLLYニュー飯田橋1号店,0.933,https://studio-dolly.com/studio/iidabashi1/?utm_source=map,True,〒102-0072 東京都千代田区飯田橋３丁目６−６ 港屋ビル 2F,レンタル撮影スタジオDOLLY飯田橋1号店 東京都千代田区飯田橋
レンタルダンススタジオTerrace八王子,OK,レンタルダンススタジオTerrace八王子,1.0,,False,〒192-0085 東京都八王子市中町６−６ 店舗（旧 川和ビル 3階,レンタルダンススタジオTerrace八王子 東京都八王子市中町６-６ 店舗（旧 川和ビル 3階
吉祥寺スタジオ・レダ,OK,吉祥寺スタジオ・レダ,1.0,http://www.studioleda.com/,False,〒180-0002 東京都武蔵野市吉祥寺東町１丁目１１−１８ Ｍビル 2F,吉祥寺スタジオ・レダ 東京都武蔵野市吉祥寺東町
鏡陽司ダンススタジオ,OK,鏡ダンススクール,0.556,https://startskoko.wixsite.com/mysite6,True,〒187-0035 東京都小平市小川西町３丁目１９−１ ハイム KⅡ1階,鏡陽司ダンススタジオ 東京都小平市小川西町
駒沢ダンスガーデン,OK,駒沢ダンスガーデン,1.0,https://www.ks-co.co.jp/,True,〒154-0011 東京都世田谷区上馬３丁目７−８,駒沢ダンスガーデン 東京都世田谷区上馬
BUZZ レンタルスタジオ 日暮里店,OK,BUZZ日暮里,0.609,https://buzz-st.com/nippori/,False,〒116-0014 東京都荒川区東日暮里６丁目６０−９ 日暮里駅前ビル B1F,BUZZ レンタルスタジオ 日暮里店 東京都荒川区東日暮里
BUZZ レンタルスタジオ 西日暮里店,OK,BUZZ西日暮里,0.64,https://buzz-st.com/nishinippori/,False,〒116-0013 東京都荒川区西日暮里５丁目２４−２ Ｋ．Ｉビル 地下1階,BUZZ レンタルスタジオ 西日暮里店 東京都荒川区西日暮里
BUZZ竹ノ塚,OK,BUZZ竹ノ塚,1.0,https://buzz-st.com/takenotsuka,False,〒121-0823 東京都足立区伊興３丁目１８−１９ ＮＹビル 3階,BUZZ竹ノ塚 東京都足立区伊興
新宿 | PECO先生のベリーダンス スクール・アンジェリカ,OK,新宿 | PECO先生のベリーダンス スクール・アンジェリカ,1.0,https://www.bellydanceangelica.com/,True,〒160-0023 東京都新宿区西新宿７丁目２２−２２ エスポワール富士,新宿 | PECO先生のベリーダンス スクール・アンジェリカ 東京都新宿区西新宿
清瀬のレンタルスタジオ｜ダンススタジオ｜レンタルスタジオ｜レンタルスペース【studio NEW YORK】,OK,清瀬のレンタルスタジオ｜ダンススタジオ｜レンタルスタジオ｜レンタルスペース【studio NEW YORK】,1.0,https://www.g-ma.com/studio-new-york/kiyose,False,〒204-0022 東京都清瀬市松山１丁目１３−２５ 清瀬平塚ビル 2F 山合,清瀬のレンタルスタジオ｜ダンススタジオ｜レンタルスタジオ｜レンタルスペース【studio NEW YORK】 東京都清瀬市松山
西荻窪七宝レンタルスペース,OK,西荻窪七宝レンタルスペース,1.0,,False,〒167-0042 東京都杉並区西荻北３丁目２５−１ 1階,西荻窪七宝レンタルスペース 東京都杉並区西荻北
貸スペース 東京レンタルスタジオ,OK,貸スペース 東京レンタルスタジオ,1.0,http://tokyo-rs.jp/,False,〒125-0061 東京都葛飾区亀有３丁目１３−２ 亀有鞠子ビル4階,貸スペース 東京レンタルスタジオ 東京都葛飾区亀有
貸ホールスペース６,OK,貸ホールスペース６,1.0,http://www.6bangai.com/shop/koten/six.html,False,〒157-0062 東京都世田谷区南烏山６丁目４−８,貸ホールスペース６ 東京都世田谷区南烏山
貸空間スタジオStudioStyle+,OK,天空MURAダンススタジオStudioStyle+,0.773,https://studiostyle.jp/tenku-dance-studio/,True,〒160-0023 東京都新宿区西新宿６丁目１２−１６,貸空間スタジオStudioStyle+ 東京都新宿区西新宿
大谷哲章バレエスタジオアプロン,OK,Alpha Ballet Studio アルファ•バレエ•スタジオ,0.311,https://alpha-ballet.com/,False,〒164-0013 東京都中野区弥生町１丁目１３−７ ＪＢビル 3階,大谷哲章バレエスタジオアプロン 東京都中野区中央
天空MURAミドルスタジオStudioStyle+,OK,天空MURAダンススタジオStudioStyle+,0.88,https://studiostyle.jp/tenku-dance-studio/,True,〒160-0023 東京都新宿区西新宿６丁目１２−１６,天空MURAミドルスタジオStudioStyle+ 東京都新宿区西新宿
東久留米駅前ダンススタジオテレマーク,OK,東久留米駅前ダンススタジオテレマーク,1.0,,False,〒203-0014 東京都東久留米市東本町２−６ 2階,東久留米駅前ダンススタジオテレマーク 東京都東久留米市東本町２-６ 2階
東池袋ダンス教室,OK,東池袋ダンス教室,1.0,,False,〒170-0013 東京都豊島区東池袋３丁目１１−４ 露木ビル 4階,東池袋ダンス教室 東京都豊島区東池袋
梅屋敷スタジオ５０１,OK,スタジオゴード（旧: 梅屋敷スタジオ501）,0.645,https://umeyashikistudio501.com/,True,〒144-0052 東京都大田区蒲田２丁目２２−１３ ドミールゴードＢ,梅屋敷スタジオ５０１ 東京都大田区蒲田
白金台恵比寿ミュージックスタジオ,OK,白金台恵比寿ミュージックスタジオ,1.0,,False,〒108-0071 東京都港区白金台５丁目２−５ 502,白金台恵比寿ミュージックスタジオ 東京都港区白金台
バーミリオン フェニックス チアダンス スタジオ,OK,#えみチア 練馬校 Vermilion Phoenix Cheerdance Studio,0.066,http://vermilionphoenix.wixsite.com/home,False,〒176-0023 東京都練馬区中村北１丁目５−９,バーミリオン フェニックス チアダンス スタジオ 東京都練馬区中村北
BUZZ赤坂見附 ,OK,BUZZ赤坂見附,1.0,https://buzz-st.com/akasaka3,False,〒107-0052 東京都港区赤坂３丁目２１−２１ 14TS 共和六番館 地下1階,BUZZ赤坂見附  東京都港区赤坂3-21-14TS 共和六番館地下1階
BUZZ渋谷TOWER,OK,BUZZ渋谷TOWER,1.0,,False,〒150-0011 東京都渋谷区東２丁目２７−９,BUZZ渋谷TOWER 東京都渋谷区東2-27-9]
BUZZ南池袋,OK,BUZZ南池袋,1.0,https://buzz-st.com/ikebukuro8,False,〒171-0022 東京都豊島区南池袋３丁目１８−３７ ベストフレンドビル,BUZZ南池袋 東京都豊島区南池袋
BUZZ横浜2nd,OK,Buzz横浜2nd,1.0,https://buzz-st.com/yokohama2,False,〒240-0013 神奈川県横浜市保土ケ谷区帷子町１丁目３０−１,BUZZ横浜2nd 神奈川県横浜市保土ヶ谷区帷子町
BUZZ池袋西口PARK,OK,BUZZ池袋西口PARK,1.0,https://buzz-st.com/ikebukuro6/,False,〒171-0021 東京都豊島区西池袋３丁目３０−１０ ライオンビル B1,BUZZ池袋西口PARK 東京都豊島区西池袋3-30-10ライオンビルB1
BUZZ BAYSIDE(浜松町),OK,BUZZ BAYSIDE(浜松町),1.0,https://buzz-st.com/bayside,False,〒105-0013 東京都港区浜松町２丁目７−１５ 日本工知築第2号館 地下１階,BUZZ BAYSIDE(浜松町) 東京都港区浜松町2-7-15 日本工知築第2号館地下１階
BUZZ六本木,OK,BUZZ六本木,1.0,https://buzz-st.com/roppongi/,False,〒106-0032 東京都港区六本木４丁目５−７ 地下1階,BUZZ六本木 東京都港区六本木
スタジオピアーチェ春日後楽園店,OK,スタジオピアーチェ後楽園,0.889,https://studio-piace.com/,True,〒112-0003 東京都文京区春日２丁目２３−１１ コア伝通院アネックス 地下一階,スタジオピアーチェ春日後楽園店 東京都文京区春日
スタジオピアーチェ池袋店,OK,スタジオピアーチェ 池袋店,1.0,http://studio-piace.com/access-ikebukuro.html,True,〒170-0011 東京都豊島区池袋本町１丁目７−１ 池袋本町ビル 地下 １ 階,スタジオピアーチェ池袋店 東京都豊島区池袋本町1-7-1　池袋本町ビル地下１階
レンタルスタジオAivic池袋東口1号店,OK,レンタルスタジオAivic池袋東口2号店,0.95,,False,〒170-0013 東京都豊島区東池袋２丁目５７−１ Kb東池袋II,レンタルスタジオAivic池袋東口1号店 東京都豊島区東池袋3-11-9 三島ビル501
THビル,OK,THビル,1.0,,False,〒151-0053 東京都渋谷区代々木２丁目４−１ THビル,THビル 東京都渋谷区代々木
なかすた,OK,なかすた,1.0,http://nkn.photographer.tokyo.jp/,True,〒164-0013 東京都中野区弥生町５丁目２２−２ ビラフジミ B号室,なかすた 東京都中野区弥生町
スタジオ五軒町／『鏡張り』の多目的に利用できる『防音』スタジオ,OK,スタジオ五軒町,0.368,https://studio-gokencho.com/,False,〒101-0021 東京都千代田区外神田６丁目１６−１ 外神田フジハイツ 地下1階,スタジオ五軒町／『鏡張り』の多目的に利用できる『防音』スタジオ 東京都千代田区外神田6-16-1
SPICYCANDY DANCESTUDIO,OK,【レンタルスタジオ】SPICY CANDY【ボディメイク】,0.408,https://www.instabase.jp/space/6730746951,False,〒111-0053 東京都台東区浅草橋４丁目２−８ 伊藤ビル １F,SPICYCANDY DANCESTUDIO 東京都台東区浅草橋4-2-8伊藤ビル1階
スタジオピアーチェ江戸川橋店,OK,スタジオピアーチェ 江戸川橋店,1.0,http://studio-piace.com/,True,〒112-0005 東京都文京区水道２丁目１０−７ エクセルビル,スタジオピアーチェ江戸川橋店 東京都文京区水道2-10-7エクセルビル地下一階
レンタルスタジオAivic築地,OK,レンタルジム Aivic 築地,0.857,,False,"HARVEY築地 5階, ２丁目-１０-9 築地 中央区 東京都 104-0045",レンタルスタジオAivic築地 東京都中央区築地2-10-9 HARVEY築地4階
Dubway レンタルスタジオ小岩,OK,Dubwayレンタルダンス小岩,0.839,https://dubwaystudio.com/,False,〒133-0051 東京都江戸川区北小岩１丁目３−４ 102,Dubway レンタルスタジオ小岩 東京都江戸川区北小岩1-3-4 102
レンタルピラティススタジオAivic北参道,OK,レンタルピラティススタジオAivic北参道,1.0,https://www.spacemarket.com/spaces/aivicktsnpilates/rooms/styJ4BnSkoUtioPU/,True,〒151-0051 東京都渋谷区千駄ケ谷３丁目１３−１４ 清和ビル ４０３,レンタルピラティススタジオAivic北参道 東京都渋谷区千駄ヶ谷3-13-14 清和ビル403
日暮里リーダンススタジオ,OK,リーダンス,0.588,https://liidance.square.site/,True,〒116-0013 東京都荒川区西日暮里２丁目２９−６ 秋山ビル 301,日暮里リーダンススタジオ 東京都荒川区西日暮里2-29-6秋山ビル301
Hina STUDIO(ヒナスタジオ)【新宿西口アネックス】,OK,Hina STUDIO（ヒナスタジオ） 新宿西口アネックス,0.893,https://hinastudio.jp/,True,〒160-0023 東京都新宿区西新宿７丁目１５−４ YS第一ビル B1階,Hina STUDIO(ヒナスタジオ)【新宿西口アネックス】 東京都新宿区西新宿7-15-4　YS第一ビルB1階
チェリッシュスタジオ1号館/6号館,OK,チェリッシュスタジオ１号館,0.867,http://cherish-studio.com/01st,True,〒150-0044 東京都渋谷区円山町２０−１ 新大宗円山ビル別館3階,チェリッシュスタジオ1号館/6号館 東京都渋谷区円山町20-1 新大宗円山ビル別館3階
Hina STUDIO（ヒナスタジオ）【目黒スタジオ】,OK,Hina STUDIO（ヒナスタジオ） 目黒,0.87,https://hinastudio.jp/,True,〒141-0021 東京都品川区上大崎２丁目１７−４ 美都ビル B1階,Hina STUDIO（ヒナスタジオ）【目黒スタジオ】 東京都渋谷区神宮前6-23-11 パークサイドハイツ303
チェリッシュスタジオ7号館,OK,チェリッシュ4号館・8号館,0.64,http://cherish-studio.com/04st/,True,〒150-0031 東京都渋谷区桜丘町２９−１７ さくらマンション 203／205,チェリッシュスタジオ7号館 東京都渋谷区桜丘町29-17 さくらマンション205
BUZZ福岡本店,OK,BUZZ福岡本店,1.0,https://buzz-st.com/fukuokahonten,False,〒810-0004 福岡県福岡市中央区渡辺通５丁目１３−１１ 天神渡辺通ビル 2階,BUZZ福岡本店 福岡県福岡市中央区渡辺通
チェリッシュスタジオ4号館/8号館,OK,チェリッシュ4号館・8号館,0.828,http://cherish-studio.com/04st/,True,〒150-0031 東京都渋谷区桜丘町２９−１７ さくらマンション 203／205,チェリッシュスタジオ4号館/8号館 東京都渋谷区桜丘町29-17 さくらマンション205
ザ・スペース大久保南口,OK,チェリッシュ4号館・8号館,0.0,http://cherish-studio.com/04st/,False,〒150-0031 東京都渋谷区桜丘町２９−１７ さくらマンション 203／205,ザ・スペース大久保南口 東京都渋谷区桜丘町29-17 さくらマンション205
SOUND STUDIO M 小岩店,OK,サウンドスタジオM小岩,0.231,https://orpheusrecords.jp/ssm/koiwa/index.html,False,〒133-0057 東京都江戸川区西小岩１丁目２７−１６ オルフェウスビル 4F,SOUND STUDIO M 小岩店 新宿区百人町1-23-26　みなみビルＢ１－Ｂ号室
チェリッシュスタジオ5号館,OK,チェリッシュ５号館,0.818,http://cherish-studio.com/05st/,True,"〒150-0043 東京都都, １６渋谷区道玄坂１丁目１６−６ 7D",チェリッシュスタジオ5号館 東京都渋谷区道玄坂1-16-6 二葉ビル7D
チェリッシュスタジオ11号館/12号館/13号館/14号館,OK,チェリッシュスタジオ11号館・12号館・13号館・14号館,0.945,https://cherish-studio.com/,True,〒106-0031 東京都港区西麻布２丁目２１−２２ ＷＥＳＴ麻布２７９１ 2階,チェリッシュスタジオ11号館/12号館/13号館/14号館 東京都港区西麻布-2-21-22 WEST麻布2791ビル2階
レンタルピラティススタジオAivic新宿,OK,Aivic pilates 新宿スタジオ,0.368,https://upnow.jp/onestep/shinjuku-pilates-studio%EF%BC%91-a%E3%82%B9%E3%83%9A%E3%83%BC%E3%82%B9,False,〒160-0021 東京都新宿区歌舞伎町２丁目1−２ 半六ビル 2f-1,レンタルピラティススタジオAivic新宿 東京都新宿区歌舞伎町2-1-2 HANROKUビル2階ー１
BUZZ大宮,OK,BUZZ大宮,1.0,https://buzz-st.com/oomiya/,False,〒330-0802 埼玉県さいたま市大宮区宮町２丁目２４ 付属建物,BUZZ大宮 埼玉県さいたま市大宮区宮町2-24Kビル 付属建物
BUZZ川崎,OK,BUZZ川崎,1.0,https://buzz-st.com/kawasaki/tl,False,〒210-0023 神奈川県川崎市川崎区小川町１４−３,BUZZ川崎 神奈川県川崎市川崎区小川町14ー3
BUZZ関内,OK,BUZZ関内,1.0,https://buzz-st.com/kannai/,False,〒231-0011 神奈川県横浜市中区太田町１丁目18−２ B1,BUZZ関内 神奈川県横浜市中区太田町1-18-2関内エスビル B1
Dubway レンタルスタジオ大塚,OK,Dubway Lab大塚レンタルスタジオ,0.8,,False,"〒174-0004 東京都豊島区北大塚２丁目１０−５ ＢＭＡビル, B1F",Dubway レンタルスタジオ大塚 東京都豊島区北大塚2-10-5 BMAビル　B1
レンタルスタジオAivic渋谷道玄坂,OK,レンタルスタジオAivic渋谷道玄坂,1.0,,False,〒150-0044 東京都渋谷区円山町２３−１０ 渋谷ATビル 201,レンタルスタジオAivic渋谷道玄坂 東京都渋谷区円山町23-10 渋谷ATビル201
レンタルスタジオAivic神田,OK,Aivicスペース神田,0.538,,False,〒101-0044 東京都千代田区鍛冶町２丁目９−１７ 柴崎ビル 4f,レンタルスタジオAivic神田 東京都千代田区神田紺屋町21 高山ビル101
レンタルスタジオAivic高田馬場,OK,Asian space 高田馬場,0.452,,False,〒169-0075 東京都新宿区高田馬場１丁目３１−８ 726号室,レンタルスタジオAivic高田馬場 東京都新宿区高田馬場1-31-8 高田馬場ダイカンプラザ1007
レンタルスタジオAivic池袋西口,OK,Aivic 池袋西口,0.692,https://takuspace.com/ikebukuro/,True,〒171-0021 東京都豊島区西池袋３丁目２６−６ 天沼ビル 502号室,レンタルスタジオAivic池袋西口 東京
レンタルスタジオAivic池袋西口 レンタルスタジオAivic池袋西口,OK,レンタルスタジオAivic池袋東口2号店,0.593,,False,〒170-0013 東京都豊島区東池袋２丁目５７−１ Kb東池袋II,レンタルスタジオAivic池袋西口 レンタルスタジオAivic池袋西口 東京都豊島区西池袋3-23-8 平井ビル7階
レンタルスタジオAivic池袋東口2号店,OK,レンタルスタジオAivic池袋東口2号店,1.0,,False,〒170-0013 東京都豊島区東池袋２丁目５７−１ Kb東池袋II,レンタルスタジオAivic池袋東口2号店 東京都豊島区東池袋2-57-1 K/B東池袋Ⅱ 5F
BEATs レンタルスタジオ ビーツ,OK,RENTAL STUDIO BEATs,0.303,http://www.beats-rental.com/,False,〒151-0053 東京都渋谷区代々木１丁目４２−２ 藤ビル 2階,BEATs レンタルスタジオ ビーツ 東京都渋谷区代々木1-42-2 藤ビル2階
Dubway レンタルスタジオ中野,OK,Dubway Dance Studio中野,0.457,,False,"城西ビル, B02室, ５丁目-３２-6 中野 中野区 東京都 164-0001",Dubway レンタルスタジオ中野 東京都中野区5-32-6 城西ビルB02
チェリッシュスタジオ9号館,OK,チェリッシュスタジオ9号館,1.0,https://cherish-studio.com/09st/,True,〒150-0032 東京都渋谷区鶯谷町１５−７ ライブリーＹＳビル 6階,チェリッシュスタジオ9号館 東京都渋谷区鶯谷町15-7 ライブリーYSビル6階
レンタルスタジオAivic新橋,OK,レンタルスタジオAivic新橋,1.0,,False,〒105-0003 東京都港区西新橋１丁目１６−１４ 宮川ビル ４階,レンタルスタジオAivic新橋 東京都港区西新橋1-16-14 宮川ビル4階
Hina STUDIO(ヒナスタジオ)【新宿西口スタジオ】,OK,Hina STUDIO（ヒナスタジオ） 新宿西口,0.8,https://hinastudio.jp/,True,〒160-0023 東京都新宿区西新宿７丁目１０−１２ ダイハンビルデンス 4階,Hina STUDIO(ヒナスタジオ)【新宿西口スタジオ】 東京都新宿区西新宿7-10-12　ダイハンビルデンス4階
レンタルスタジオAivic大塚,OK,レンタルスタジオAivic大塚,1.0,https://www.aivic.jp/wp/studio-otsuka/,True,〒170-0004 東京都豊島区北大塚２丁目９−７ 豊島電気会館ビル,レンタルスタジオAivic大塚 東京都豊島区北大塚2-9-7 豊島電気会館B1
レンタルスタジオAivic恵比寿,OK,レンタルスタジオ Aivic恵比寿1号店,0.914,,False,〒150-0021 東京都渋谷区恵比寿西１丁目１４−３ 佐藤ビル 満栄佐藤ビル202,レンタルスタジオAivic恵比寿 東京都渋谷区恵比寿西1-14-3 満栄佐藤ビル202
レンタルスタジオAivic恵比寿2号店,OK,Aivic pilates 恵比寿スタジオ,0.421,https://upnow.jp/onestep/ebisupilatesstudio,False,〒150-0013 東京都渋谷区恵比寿１丁目２２−３ シルバープラザ恵比寿 203号室,レンタルスタジオAivic恵比寿2号店 東京都渋谷区恵比寿2-16-16 レクシード恵比寿（旧flegエビスW）111
レンタルピラティススタジオAivic渋谷1号店,OK,Aivic pilates 渋谷ピラティススタジオ1号店,0.49,https://upnow.jp/onestep/shibuyapilatesstudio,True,〒150-0002 東京都渋谷区渋谷１丁目９−４ トーカン渋谷キャステール ６０６号室,レンタルピラティススタジオAivic渋谷1号店 東京都渋谷区渋谷1-9-4 トーカン渋谷キャステール606
レンタルピラティススタジオAivic渋谷2号店,OK,レンタルスタジオAivic渋谷道玄坂,0.732,,False,〒150-0044 東京都渋谷区円山町２３−１０ 渋谷ATビル 201,レンタルピラティススタジオAivic渋谷2号店 東京都渋谷区宇田川町12-3 ニュー渋谷コーポラス1104
レンタルピラティススタジオAivic恵比寿,OK,Aivic pilates 恵比寿スタジオ,0.4,https://upnow.jp/onestep/ebisupilatesstudio,False,〒150-0013 東京都渋谷区恵比寿１丁目２２−３ シルバープラザ恵比寿 203号室,レンタルピラティススタジオAivic恵比寿 東京都渋谷区恵比寿1-22-3 シルバープラザ恵比寿203
レンタルピラティススタジオAivic西新宿,OK,Aivic pilates 西新宿スタジオ,0.4,https://upnow.jp/onestep/%E8%A5%BF%E6%96%B0%E5%AE%BF%E3%81%A7%EF%BC%91%E7%95%AA%E9%A7%85%E3%83%81%E3%82%AB-%E3%83%9E%E3%82%B7%E3%83%B3%E3%83%94%E3%83%A9%E3%83%86%E3%82%A3%E3%82%B9%E3%82%B9%E3%82%BF%E3%82%B8%E3%82%AA,False,〒160-0023 東京都新宿区西新宿７丁目６−５ 405号室,レンタルピラティススタジオAivic西新宿 東京都新宿区西新宿7-6-5 グローリア初穂　生沼ビル405
Studio-Bio,OK,レンタルダンススタジオ『Studio-Bio北参道』,0.529,https://studio-bio123.com/,True,〒151-0051 東京都渋谷区千駄ケ谷３丁目４１−１２ シャトル 千駄ヶ谷 B1,Studio-Bio 東京都渋谷区千駄ヶ谷3−41−12　シャトル千駄ヶ谷B1(地下)
Dubwayレンタルスタジオ大久保,OK,Dubwayレンタルダンス大久保,0.848,https://dubwaystudio.com/,False,"B1, ３丁目-１５-8 百人町 新宿区 東京都 169-0073",Dubwayレンタルスタジオ大久保 東京都新宿区百人町3-15-8
レンタルスタジオAivic元町中華街,OK,Aivic元町中華街,0.714,https://www.aivic.jp/wp/studio-chukagai/,True,〒231-0023 神奈川県横浜市中区山下町２５−１６,レンタルスタジオAivic元町中華街 神奈川県横浜市中区山下町25-16 ニューポートビル202
