タイトル,住所,dslurl,is_partner,dist_to_station_m,latitude,longitude,primary_station,distance_to_primary_station_m,candidate_stations,ward,primary_area,rental,article_tags,Webサイト,電話番号,営業時間
BUZZ レンタルスタジオ新宿4丁目店,〒160-0022 東京都新宿区新宿４丁目２-２１ 相模ビル B1F,,0,319.4,35.6889262,139.7033232,新宿駅,355.0,新宿駅|代々木駅|西武新宿駅,新宿区,新宿,1.0,area:新宿|station:新宿駅|station:代々木駅|station:西武新宿駅|feature:24h,https://buzz-st.com/shinjuku3,,"2024-02-29 木曜日 24 時間営業
2024-03-01 金曜日 24 時間営業
2024-03-02 土曜日 24 時間営業
2024-03-03 日曜日 24 時間営業
2024-03-04 月曜日 24 時間営業
2024-03-05 火曜日 24 時間営業
2024-03-06 水曜日 24 時間営業
"
THビル貸し会議室 レンタルスタジオ,〒151-0053 東京都渋谷区代々木２丁目４-１ Thビル,,0,331.4,35.687188,139.6983141,新宿駅,451.0,新宿駅|代々木駅|西武新宿駅,渋谷区,渋谷,1.0,area:渋谷|station:新宿駅|station:代々木駅|station:西武新宿駅|feature:24h,https://sinjukuth.jimdo.com/,090-2558-7140,"2024-02-29 木曜日 24 時間営業
2024-03-01 金曜日 24 時間営業
2024-03-02 土曜日 24 時間営業
2024-03-03 日曜日 24 時間営業
2024-03-04 月曜日 24 時間営業
2024-03-05 火曜日 24 時間営業
2024-03-06 水曜日 24 時間営業
"
ＴＨ会場,〒151-0053 東京都渋谷区代々木２丁目４-１,,0,332.2,35.687185,139.6983,新宿駅,451.0,新宿駅|代々木駅|西武新宿駅,渋谷区,渋谷,1.0,area:渋谷|station:新宿駅|station:代々木駅|station:西武新宿駅|feature:24h,http://th-rental-meeting-room.business.site/,03-3370-6264,"2024-02-29 木曜日 24 時間営業
2024-03-01 金曜日 24 時間営業
2024-03-02 土曜日 24 時間営業
2024-03-03 日曜日 24 時間営業
2024-03-04 月曜日 24 時間営業
2024-03-05 火曜日 24 時間営業
2024-03-06 水曜日 24 時間営業
"
CARDIO BARRE SHINJUKU (カーディオ・バー 新宿店),〒160-0022 東京都新宿区新宿４丁目２-１６ パシフィックマークス新宿サウスゲート 2階,,0,338.2,35.6894289,139.7036822,新宿駅,351.0,新宿駅|代々木駅|西武新宿駅,新宿区,新宿,1.0,area:新宿|station:新宿駅|station:代々木駅|station:西武新宿駅|feature:24h,https://cardio-barre.jp/lp/03/?utm_source=facebook&utm_medium=cpc&fbclid=IwAR3Kheu4QwOEsq_Vf6-cZeTgzJ1VLZ2eB-BkHUf42kUJQKr9BH3OyQwSaSg,03-5361-6751,"2024-02-29 木曜日 9時00分～22時00分
2024-03-01 金曜日 9時00分～22時00分
2024-03-02 土曜日 10時00分～20時00分
2024-03-03 日曜日 10時00分～18時00分
2024-03-04 月曜日 9時00分～22時00分
2024-03-05 火曜日 9時00分～22時00分
2024-03-06 水曜日 9時00分～22時00分"
スタジオインディ 新宿店,〒160-0022 東京都新宿区新宿３丁目２２番１１号 新宿ＲＳビル ６階,,0,409.0,35.6932474,139.7016965,新宿駅,289.0,新宿駅|西武新宿駅|新大久保駅,新宿区,新宿,1.0,area:新宿|station:新宿駅|station:西武新宿駅|station:新大久保駅|feature:24h,https://studioindi.jp/access/shinjuku/?argument=UxWRQv9t&dmai=a5e07032924d4a,050-1709-0496,"LGBTQ フレンドリー2024-02-29 木曜日 10時00分～20時00分
2024-03-01 金曜日 10時00分～20時00分
2024-03-02 土曜日 10時00分～20時00分
2024-03-03 日曜日 10時00分～20時00分
2024-03-04 月曜日 10時00分～20時00分
2024-03-05 火曜日 10時00分～20時00分
2024-03-06 水曜日 10時00分～20時00分
"
NOAダンス教室 新宿校,〒160-0023 東京都新宿区西新宿１丁目３-１４ 9F,,0,413.1,35.6932968,139.6982771,新宿駅,319.0,新宿駅|西武新宿駅|新大久保駅,新宿区,新宿,1.0,area:新宿|station:新宿駅|station:西武新宿駅|station:新大久保駅|feature:24h,https://www.noadance.jp/,03-3344-5600,"2024-02-29 木曜日 9時00分～23時30分
2024-03-01 金曜日 9時00分～23時30分
2024-03-02 土曜日 11時00分～22時00分
2024-03-03 日曜日 11時00分～22時00分
2024-03-04 月曜日 9時00分～23時30分
2024-03-05 火曜日 9時00分～23時30分
2024-03-06 水曜日 9時00分～23時30分
"
NOAバレエスクール 新宿校,〒160-0023 東京都新宿区西新宿１丁目３-１４ 9F,,0,413.1,35.6932968,139.6982771,新宿駅,319.0,新宿駅|西武新宿駅|新大久保駅,新宿区,新宿,1.0,area:新宿|station:新宿駅|station:西武新宿駅|station:新大久保駅|feature:24h,https://www.noaballet.jp/,03-3344-5600,"2024-02-29 木曜日 9時00分～23時30分
2024-03-01 金曜日 9時00分～23時30分
2024-03-02 土曜日 11時00分～22時00分
2024-03-03 日曜日 11時00分～22時00分
2024-03-04 月曜日 9時00分～23時30分
2024-03-05 火曜日 9時00分～23時30分
2024-03-06 水曜日 9時00分～23時30分"
NOAダンスアカデミー 新宿本校,〒160-0023 東京都新宿区西新宿１丁目３-１４ 新宿プラザ（受付 6F,,0,413.1,35.6932968,139.6982771,新宿駅,319.0,新宿駅|西武新宿駅|新大久保駅,新宿区,新宿,1.0,area:新宿|station:新宿駅|station:西武新宿駅|station:新大久保駅|feature:24h,http://www.noadance.com/,03-3362-7011,"2024-02-29 木曜日 9時00分～23時30分
2024-03-01 金曜日 9時00分～23時30分
2024-03-02 土曜日 11時00分～22時00分
2024-03-03 日曜日 11時00分～22時00分
2024-03-04 月曜日 9時00分～23時30分
2024-03-05 火曜日 9時00分～23時30分
2024-03-06 水曜日 9時00分～23時30分"
ノアスタジオ 新宿１号店,〒160-0023 東京都新宿区西新宿１丁目３-１４,,0,413.1,35.693295,139.698273,新宿駅,319.0,新宿駅|西武新宿駅|新大久保駅,新宿区,新宿,1.0,area:新宿|station:新宿駅|station:西武新宿駅|station:新大久保駅|feature:24h,https://www.noahstudio.jp/shop/shinjuku/,03-5909-0331,"2024-02-29 木曜日 9時30分～6時00分
2024-03-01 金曜日 9時30分～6時00分
2024-03-02 土曜日 8時30分～6時00分
2024-03-03 日曜日 8時30分～6時00分
2024-03-04 月曜日 9時30分～6時00分
2024-03-05 火曜日 9時30分～6時00分
2024-03-06 水曜日 9時30分～6時00分"
サウンドスタジオノア 新宿店,〒160-0023 東京都新宿区西新宿７丁目１０-１２,,0,503.4,35.694215,139.698511,西武新宿駅,262.0,西武新宿駅|新宿駅|新大久保駅,新宿区,新宿,1.0,area:新宿|station:西武新宿駅|station:新宿駅|station:新大久保駅|feature:24h,https://www.studionoah.jp/shinjuku/,03-5332-8366,"2024-02-29 木曜日 9時00分～6時00分
2024-03-01 金曜日 9時00分～6時00分
2024-03-02 土曜日 9時00分～6時00分
2024-03-03 日曜日 9時00分～23時00分
2024-03-04 月曜日 9時00分～23時00分
2024-03-05 火曜日 9時00分～6時00分
2024-03-06 水曜日 9時00分～6時00分"
ノアスタジオ 新宿２号店,〒160-0023 東京都新宿区西新宿７丁目１０-１２,,0,507.2,35.6942501,139.6985113,西武新宿駅,259.0,西武新宿駅|新宿駅|新大久保駅,新宿区,新宿,1.0,area:新宿|station:西武新宿駅|station:新宿駅|station:新大久保駅|feature:24h,https://www.noahstudio.jp/shop/shinjuku2/,03-5332-8366,"2024-02-29 木曜日 9時00分～6時00分
2024-03-01 金曜日 9時00分～6時00分
2024-03-02 土曜日 9時00分～6時00分
2024-03-03 日曜日 9時00分～23時00分
2024-03-04 月曜日 9時00分～23時00分
2024-03-05 火曜日 9時00分～6時00分
2024-03-06 水曜日 9時00分～6時00分"
Hina STUDIO(ヒナスタジオ)【新宿西口スタジオ】,東京都新宿区西新宿7-10-12　ダイハンビルデンス4階,https://dance-studio-lab.com/room/ZDEyOTIyNTctYjUwOC00ZTY3LTgxMWYtYTI0MzhkNDg4OGNj/detail,1,518.6,35.6943034,139.6982832,新宿西口駅,136.0,新宿西口駅|西武新宿駅|西新宿駅|新宿駅|都庁前駅|新宿三丁目駅|大久保駅|新大久保駅|東新宿駅|代々木駅,新宿区,新宿,1.0,,,,
ジャパンポールダンス,〒160-0021 東京都新宿区歌舞伎町１丁目２３-１２ 第一桑原ビル 5F,,0,525.9,35.6944875,139.7010903,西武新宿駅,161.0,西武新宿駅|新宿駅|新大久保駅,新宿区,新宿,1.0,area:新宿|station:西武新宿駅|station:新宿駅|station:新大久保駅,https://www.japan-poledance.com/,03-6233-8042,
レンタルスタジオ HIKARI 西新宿７丁目,〒160-0023 東京都新宿区西新宿７丁目１０-１７ B館 601号室,,0,540.6,35.6945658,139.6985363,西武新宿駅,234.0,西武新宿駅|新宿駅|新大久保駅,新宿区,新宿,1.0,area:新宿|station:西武新宿駅|station:新宿駅|station:新大久保駅|feature:24h,https://hikari-studio.net/,050-3196-4716,"2024-02-29 木曜日 24 時間営業
2024-03-01 金曜日 24 時間営業
2024-03-02 土曜日 24 時間営業
2024-03-03 日曜日 24 時間営業
2024-03-04 月曜日 24 時間営業
2024-03-05 火曜日 24 時間営業
2024-03-06 水曜日 24 時間営業"
新宿マイスタジオ,〒160-0023 東京都新宿区西新宿７丁目９-１７ ６F・５F・４F 伊藤ビル,,0,548.5,35.694554,139.6981592,西武新宿駅,263.0,西武新宿駅|新宿駅|新大久保駅,新宿区,新宿,1.0,area:新宿|station:西武新宿駅|station:新宿駅|station:新大久保駅|feature:24h,http://shinjukustudio.jp/,03-3364-6820,"2024-02-29 木曜日 9時00分～8時00分
2024-03-01 金曜日 9時00分～8時00分
2024-03-02 土曜日 9時00分～8時00分
2024-03-03 日曜日 9時00分～8時00分
2024-03-04 月曜日 9時00分～8時00分
2024-03-05 火曜日 9時00分～8時00分
2024-03-06 水曜日 9時00分～8時00分"
新宿 だんすた レンタルスタジオ,〒160-0023 東京都新宿区西新宿７丁目１３-７ 3F4F タカラビル,,0,621.9,35.6946431,139.6964322,西武新宿駅,398.0,西武新宿駅|新宿駅|新大久保駅,新宿区,新宿,1.0,area:新宿|station:西武新宿駅|station:新宿駅|station:新大久保駅|feature:24h,https://shinjuku2.inforent.jp/,03-5822-4050,"2024-02-29 木曜日 24 時間営業
2024-03-01 金曜日 24 時間営業
2024-03-02 土曜日 24 時間営業
2024-03-03 日曜日 24 時間営業
2024-03-04 月曜日 24 時間営業
2024-03-05 火曜日 24 時間営業
2024-03-06 水曜日 24 時間営業"
スタジオハイシー,〒160-0023 東京都新宿区西新宿３丁目２-２７ 第7 7 オーチュー B1階,,0,628.3,35.6871346,139.6938695,新宿駅,714.0,新宿駅|代々木駅|西武新宿駅,新宿区,新宿,1.0,area:新宿|station:新宿駅|station:代々木駅|station:西武新宿駅|feature:24h,https://studio-hide-and-seek.co.jp/,,"2024-02-29 木曜日 24 時間営業
2024-03-01 金曜日 24 時間営業
2024-03-02 土曜日 24 時間営業
2024-03-03 日曜日 24 時間営業
2024-03-04 月曜日 24 時間営業
2024-03-05 火曜日 24 時間営業
2024-03-06 水曜日 24 時間営業"
BUZZ レンタルスタジオ 代々木店,〒151-0053 東京都渋谷区代々木１丁目３６-１ ミユキビル B1F,,0,635.8,35.6842213,139.7012401,代々木駅,148.0,代々木駅|新宿駅,渋谷区,渋谷,1.0,area:渋谷|station:代々木駅|station:新宿駅|feature:24h,https://buzz-st.com/yoyogi/,,"2024-02-29 木曜日 24 時間営業
2024-03-01 金曜日 24 時間営業
2024-03-02 土曜日 24 時間営業
2024-03-03 日曜日 24 時間営業
2024-03-04 月曜日 24 時間営業
2024-03-05 火曜日 24 時間営業
2024-03-06 水曜日 24 時間営業
"
ロジスタイルB StudioStyle+,〒160-0023 東京都新宿区西新宿７丁目１５-１４ FONTAINE三須 1F,,0,636.8,35.6953046,139.6978413,西武新宿駅,255.0,西武新宿駅|新宿駅|新大久保駅,新宿区,新宿,1.0,area:新宿|station:西武新宿駅|station:新宿駅|station:新大久保駅|feature:24h,https://studiostyle.jp/roji-studio-b/,090-8306-7493,"オーナーが女性と確認されたビジネス2024-02-29 木曜日 24 時間営業
2024-03-01 金曜日 24 時間営業
2024-03-02 土曜日 24 時間営業
2024-03-03 日曜日 24 時間営業
2024-03-04 月曜日 24 時間営業
2024-03-05 火曜日 24 時間営業
2024-03-06 水曜日 24 時間営業
"
DＡNCE Studio LEON 多目的スタジオ レオン,〒160-0022 東京都新宿区新宿５丁目１７-６ 201,,0,638.3,35.6930362,139.7058494,新宿駅,557.0,新宿駅|西武新宿駅|新大久保駅,新宿区,新宿,1.0,area:新宿|station:新宿駅|station:西武新宿駅|station:新大久保駅|feature:24h,http://lilly-company.com/,090-9101-3317,"LGBTQ フレンドリー2024-02-29 木曜日 24 時間営業
2024-03-01 金曜日 24 時間営業
2024-03-02 土曜日 24 時間営業
2024-03-03 日曜日 24 時間営業
2024-03-04 月曜日 24 時間営業
2024-03-05 火曜日 24 時間営業
2024-03-06 水曜日 24 時間営業"
ROJIスタジオStudioStyle+,〒160-0023 東京都新宿区西新宿７丁目１５-１４,,0,646.5,35.6953598,139.6977026,西武新宿駅,265.0,西武新宿駅|新宿駅|新大久保駅,新宿区,新宿,1.0,area:新宿|station:西武新宿駅|station:新宿駅|station:新大久保駅|feature:24h,https://studiostyle.jp/roji-studio-b/,090-8306-7493,"2024-02-29 木曜日 24 時間営業
2024-03-01 金曜日 24 時間営業
2024-03-02 土曜日 24 時間営業
2024-03-03 日曜日 24 時間営業
2024-03-04 月曜日 24 時間営業
2024-03-05 火曜日 24 時間営業
2024-03-06 水曜日 24 時間営業"
Hina STUDIO(ヒナスタジオ)【新宿西口アネックス】,東京都新宿区西新宿7-15-4　YS第一ビルB1階,https://dance-studio-lab.com/room/NWQxZDIzMzUtNWMzOC00MzY4LWE4YmYtMWU3MDBkYWM3ZDY2/detail,1,649.2,35.6953158,139.6974593,西武新宿駅,234.0,西武新宿駅|新宿西口駅|西新宿駅|大久保駅|都庁前駅|新宿駅|新大久保駅|新宿三丁目駅|東新宿駅|南新宿駅,新宿区,新宿,1.0,,,,
studio worcle yoyogi,〒151-0053 東京都渋谷区代々木１丁目３６-１２ 2F,,0,653.7,35.684031,139.7010352,代々木駅,141.0,代々木駅|新宿駅,渋谷区,渋谷,1.0,area:渋谷|station:代々木駅|station:新宿駅|feature:24h,https://www.studioworcle.com/yoyogi/,03-6381-6255,"2024-02-29 木曜日 10時00分～23時00分
2024-03-01 金曜日 10時00分～23時00分
2024-03-02 土曜日 9時00分～23時00分
2024-03-03 日曜日 9時00分～23時00分
2024-03-04 月曜日 10時00分～23時00分
2024-03-05 火曜日 10時00分～23時00分
2024-03-06 水曜日 10時00分～23時00分
"
代々木アフタースクールCreo BOX,〒151-0053 東京都渋谷区代々木２丁目３９-６ １F,,0,672.3,35.684666,139.6961331,代々木駅,563.0,代々木駅|新宿駅,渋谷区,渋谷,1.0,area:渋谷|station:代々木駅|station:新宿駅|feature:24h,https://creobox.jp/,03-6876-6472,"LGBTQ フレンドリー2024-02-29 木曜日 15時30分～18時00分
2024-03-01 金曜日 15時30分～18時00分
2024-03-02 土曜日 定休日
2024-03-03 日曜日 定休日
2024-03-04 月曜日 15時30分～18時00分
2024-03-05 火曜日 定休日
2024-03-06 水曜日 15時30分～18時00分
"
BUZZ レンタルスタジオ 新宿ハウス店,〒160-0023 東京都新宿区西新宿７丁目１６-１,https://dance-studio-lab.com/room/MWYzNmNhZGMtMWZiNi00MjBiLWJjNzMtZmFmNjAxYmQ5MjA3/detail,1,694.9,35.6957677,139.6975152,西武新宿駅,276.0,西武新宿駅|新宿駅|新大久保駅,新宿区,新宿,1.0,area:新宿|station:西武新宿駅|station:新宿駅|station:新大久保駅|feature:24h,https://buzz-st.com/shinjuku2/,,"2024-02-29 木曜日 24 時間営業
2024-03-01 金曜日 24 時間営業
2024-03-02 土曜日 24 時間営業
2024-03-03 日曜日 24 時間営業
2024-03-04 月曜日 24 時間営業
2024-03-05 火曜日 24 時間営業
2024-03-06 水曜日 24 時間営業"
BUZZ レンタルスタジオ新宿コンシェルジュ店,〒160-0023 東京都新宿区西新宿７丁目１６-４ Concierge高橋 BF 地下 一階,https://dance-studio-lab.com/room/OGUzNmE0NzUtZDU1NS00ZjIyLTg4OGItNDYyOWI2YzkzOTA0/detail,1,719.1,35.6959487,139.6973397,西武新宿駅,292.0,西武新宿駅|新宿駅|新大久保駅,新宿区,新宿,1.0,area:新宿|station:西武新宿駅|station:新宿駅|station:新大久保駅|feature:24h,https://buzz-st.com/shinjuku4,,"2024-02-29 木曜日 24 時間営業
2024-03-01 金曜日 24 時間営業
2024-03-02 土曜日 24 時間営業
2024-03-03 日曜日 24 時間営業
2024-03-04 月曜日 24 時間営業
2024-03-05 火曜日 24 時間営業
2024-03-06 水曜日 24 時間営業"
BUZZ新宿,〒160-0023 東京都新宿区西新宿７丁目１６-４ Concierge高橋 BF 地下1階,https://dance-studio-lab.com/room/NThmODMwMDctZjkyNi00ZTE3LTgwNjQtMDRmOGIwMmQ5ZTRi/detail,1,723.9,35.6959773,139.6972769,西武新宿駅,298.0,西武新宿駅|新宿駅|新大久保駅,新宿区,新宿,1.0,area:新宿|station:西武新宿駅|station:新宿駅|station:新大久保駅|feature:24h,https://buzz-st.com/shinjuku/,,"2024-02-29 木曜日 24 時間営業
2024-03-01 金曜日 24 時間営業
2024-03-02 土曜日 24 時間営業
2024-03-03 日曜日 24 時間営業
2024-03-04 月曜日 24 時間営業
2024-03-05 火曜日 24 時間営業
2024-03-06 水曜日 24 時間営業"
studio worcle shinjuku,〒160-0023 東京都新宿区西新宿７丁目１６-７ 第２１フジビル,,0,752.2,35.6963155,139.6975391,西武新宿駅,278.0,西武新宿駅|新大久保駅|新宿駅,新宿区,新宿,1.0,area:新宿|station:西武新宿駅|station:新大久保駅|station:新宿駅|feature:24h,https://www.studioworcle.com/shinjuku/,03-3361-0123,"2024-02-29 木曜日 10時00分～6時00分
2024-03-01 金曜日 10時00分～6時00分
2024-03-02 土曜日 9時00分～6時00分
2024-03-03 日曜日 9時00分～23時00分
2024-03-04 月曜日 9時00分～23時00分
2024-03-05 火曜日 10時00分～6時00分
2024-03-06 水曜日 10時00分～6時00分"
STUDIO COCORO（スタジオココロ）- 新宿代々木のレンタルスペース&ダンススタジオ - 数々のイベントやメディアに出演,〒151-0053 東京都渋谷区代々木３丁目９-１１,,0,753.4,35.6838781,139.6960234,代々木駅,551.0,代々木駅|新宿駅,渋谷区,渋谷,1.0,area:渋谷|station:代々木駅|station:新宿駅|feature:24h,http://studio-cocoro.tokyo/,080-7632-2020,"2024-02-29 木曜日 24 時間営業
2024-03-01 金曜日 24 時間営業
2024-03-02 土曜日 24 時間営業
2024-03-03 日曜日 24 時間営業
2024-03-04 月曜日 24 時間営業
2024-03-05 火曜日 24 時間営業
2024-03-06 水曜日 24 時間営業"
Studio.m 新宿レンタルスタジオ,〒160-0022 東京都新宿区新宿５丁目１５?号２ 池与ビル ２０３,,0,767.0,35.693592,139.707105,西武新宿駅,642.0,西武新宿駅|新宿駅|新大久保駅,新宿区,新宿,1.0,area:新宿|station:西武新宿駅|station:新宿駅|station:新大久保駅|feature:24h,,,"2024-02-29 木曜日 24 時間営業
2024-03-01 金曜日 24 時間営業
2024-03-02 土曜日 24 時間営業
2024-03-03 日曜日 24 時間営業
2024-03-04 月曜日 24 時間営業
2024-03-05 火曜日 24 時間営業
2024-03-06 水曜日 24 時間営業
"
BEATs レンタルスタジオ ビーツ,東京都渋谷区代々木1-42-2 藤ビル2階,https://dance-studio-lab.com/room/ZWU0MDNlZTUtMDE1Zi00NDcyLWFjZjgtZTAzNzUzZTAwMzNj/detail,1,787.1,35.6827951,139.6991991,代々木駅,259.0,代々木駅|参宮橋駅|北参道駅|新宿駅|新宿三丁目駅|都庁前駅|千駄ケ谷駅|新宿西口駅|初台駅|新宿御苑前駅,渋谷区,渋谷,1.0,,,,
Beat Box Dance Studio,〒151-0053 東京都渋谷区代々木１丁目４２-２,,0,787.9,35.6827709,139.6994957,代々木駅,232.0,代々木駅|新宿駅,渋谷区,渋谷,1.0,area:渋谷|station:代々木駅|station:新宿駅|feature:24h,http://www.beatbox-jp.com/,03-5388-6774,"2024-02-29 木曜日 17時00分～23時00分
2024-03-01 金曜日 17時00分～23時00分
2024-03-02 土曜日 13時00分～23時00分
2024-03-03 日曜日 13時00分～21時30分
2024-03-04 月曜日 17時00分～23時00分
2024-03-05 火曜日 17時00分～23時00分
2024-03-06 水曜日 17時00分～23時00分
"
Cadena Flamenca,〒151-0053 東京都渋谷区代々木１丁目４２-２,,0,788.6,35.6827729,139.6993391,代々木駅,246.0,代々木駅|新宿駅,渋谷区,渋谷,1.0,area:渋谷|station:代々木駅|station:新宿駅|feature:24h,https://cadenaflamenca.jp/,03-5304-3535,"2024-02-29 木曜日 定休日
2024-03-01 金曜日 10時30分～21時45分
2024-03-02 土曜日 10時30分～16時15分
2024-03-03 日曜日 定休日
2024-03-04 月曜日 15時30分～20時30分
2024-03-05 火曜日 16時00分～21時00分
2024-03-06 水曜日 12時00分～22時00分
"
レンタルスタジオ HIKARI 新宿三丁目,〒160-0021 東京都新宿区歌舞伎町２丁目８-１２ グリーンプラザ 203,,0,798.3,35.6950309,139.7060865,西武新宿駅,507.0,西武新宿駅|新宿駅|新大久保駅,新宿区,新宿,1.0,area:新宿|station:西武新宿駅|station:新宿駅|station:新大久保駅|feature:24h,https://hikari-studio.net/,050-3196-4716,"2024-02-29 木曜日 24 時間営業
2024-03-01 金曜日 24 時間営業
2024-03-02 土曜日 24 時間営業
2024-03-03 日曜日 24 時間営業
2024-03-04 月曜日 24 時間営業
2024-03-05 火曜日 24 時間営業
2024-03-06 水曜日 24 時間営業
"
レンタルスペース「301」,〒160-0021 東京都新宿区歌舞伎町２丁目８-１２ 新宿グリーンプラザ 301号,,0,798.3,35.6950309,139.7060865,西武新宿駅,507.0,西武新宿駅|新宿駅|新大久保駅,新宿区,新宿,1.0,area:新宿|station:西武新宿駅|station:新宿駅|station:新大久保駅|feature:24h,https://shierushan.com/,,"2024-02-29 木曜日 24 時間営業
2024-03-01 金曜日 24 時間営業
2024-03-02 土曜日 24 時間営業
2024-03-03 日曜日 24 時間営業
2024-03-04 月曜日 24 時間営業
2024-03-05 火曜日 24 時間営業
2024-03-06 水曜日 24 時間営業
"
レンタルスタジオ「Ten（テン）」,〒160-0021 東京都新宿区歌舞伎町２丁目８-１２ 新宿グリーンプラザ 303号,,0,798.3,35.6950309,139.7060865,西武新宿駅,507.0,西武新宿駅|新宿駅|新大久保駅,新宿区,新宿,1.0,area:新宿|station:西武新宿駅|station:新宿駅|station:新大久保駅|feature:24h,https://shierushan.com/,,"2024-02-29 木曜日 6時00分～23時30分
2024-03-01 金曜日 6時00分～23時30分
2024-03-02 土曜日 6時00分～23時30分
2024-03-03 日曜日 6時00分～23時30分
2024-03-04 月曜日 6時00分～23時30分
2024-03-05 火曜日 6時00分～23時30分
2024-03-06 水曜日 6時00分～23時30分
"
レンタルスタジオ 301,〒160-0021 東京都新宿区歌舞伎町２丁目８-１２ 新宿グリーンプラザ 301号,,0,798.3,35.6950309,139.7060865,西武新宿駅,507.0,西武新宿駅|新宿駅|新大久保駅,新宿区,新宿,1.0,area:新宿|station:西武新宿駅|station:新宿駅|station:新大久保駅|feature:24h,https://shierushan.com/,,"2024-02-29 木曜日 24 時間営業
2024-03-01 金曜日 24 時間営業
2024-03-02 土曜日 24 時間営業
2024-03-03 日曜日 24 時間営業
2024-03-04 月曜日 24 時間営業
2024-03-05 火曜日 24 時間営業
2024-03-06 水曜日 24 時間営業
"
レンタルピラティススタジオAivic新宿,東京都新宿区歌舞伎町2-1-2 HANROKUビル2階ー１,https://dance-studio-lab.com/room/MWY5Yzc5YzMtMmViOC00MmI0LWIwNzUtNDY1MDUzZjY4MzVm/detail,1,815.3,35.6949995,139.7063949,東新宿駅,339.0,東新宿駅|新宿三丁目駅|西武新宿駅|新宿西口駅|新宿駅|新宿御苑前駅|新大久保駅|大久保駅|若松河田駅|西新宿駅,新宿区,新宿,1.0,,,,
スタジオジパング 新宿スタジオSTANDARD,〒160-0022 東京都新宿区新宿５丁目１０-２０ JKKグループ本社ビル1F,,0,826.2,35.6927705,139.708383,新宿駅,762.0,新宿駅|西武新宿駅,新宿区,新宿,1.0,area:新宿|station:新宿駅|station:西武新宿駅|feature:24h,http://studiozipang.com/,,"2024-02-29 木曜日 24 時間営業
2024-03-01 金曜日 24 時間営業
2024-03-02 土曜日 24 時間営業
2024-03-03 日曜日 24 時間営業
2024-03-04 月曜日 24 時間営業
2024-03-05 火曜日 24 時間営業
2024-03-06 水曜日 24 時間営業
"
メインスタジオStudio Style+,〒160-0023 東京都新宿区西新宿７丁目２２-３１,,0,838.0,35.6969223,139.6967796,西武新宿駅,362.0,西武新宿駅|新大久保駅|新宿駅,新宿区,新宿,1.0,area:新宿|station:西武新宿駅|station:新大久保駅|station:新宿駅|feature:24h,https://studiostyle.jp/main-studio/,090-8306-7493,"2024-02-29 木曜日 24 時間営業
2024-03-01 金曜日 24 時間営業
2024-03-02 土曜日 24 時間営業
2024-03-03 日曜日 24 時間営業
2024-03-04 月曜日 24 時間営業
2024-03-05 火曜日 24 時間営業
2024-03-06 水曜日 24 時間営業
"
新宿 | PECO先生のベリーダンス スクール・アンジェリカ,〒160-0023 東京都新宿区西新宿７丁目２２-３１ 柏木 MURA BF,,0,850.1,35.6970022,139.6966616,西武新宿駅,375.0,西武新宿駅|新大久保駅|新宿駅,新宿区,新宿,1.0,area:新宿|station:西武新宿駅|station:新大久保駅|station:新宿駅|feature:24h,https://www.bellydanceangelica.com/shinjuku,080-3538-4549,"2024-02-29 木曜日 定休日
2024-03-01 金曜日 定休日
2024-03-02 土曜日 10時00分～12時00分
2024-03-03 日曜日 定休日
2024-03-04 月曜日 定休日
2024-03-05 火曜日 定休日
2024-03-06 水曜日 定休日"
ソニズレンタルスタジオ新宿店,〒160-0023 東京都新宿区西新宿７丁目２２-３１ 柏木 MURA B1F,,0,851.5,35.6970176,139.6966672,西武新宿駅,375.0,西武新宿駅|新大久保駅|新宿駅,新宿区,新宿,1.0,area:新宿|station:西武新宿駅|station:新大久保駅|station:新宿駅|feature:24h,https://sonysdance.com/,,"2024-02-29 木曜日 6時00分～23時00分
2024-03-01 金曜日 6時00分～23時00分
2024-03-02 土曜日 6時00分～23時00分
2024-03-03 日曜日 6時00分～23時00分
2024-03-04 月曜日 6時00分～23時00分
2024-03-05 火曜日 6時00分～23時00分
2024-03-06 水曜日 6時00分～23時00分"
スタジオスタイルプラス窓口StudioStyle+,〒160-0023 東京都新宿区西新宿７丁目２２-３１ 1F,,0,853.3,35.6970167,139.6966088,西武新宿駅,380.0,西武新宿駅|新大久保駅|新宿駅,新宿区,新宿,1.0,area:新宿|station:西武新宿駅|station:新大久保駅|station:新宿駅|feature:24h,https://studiostyle.jp/,090-8306-7493,"2024-02-29 木曜日 11時00分～15時00分
2024-03-01 金曜日 11時00分～18時00分
2024-03-02 土曜日 11時00分～15時00分
2024-03-03 日曜日 11時00分～15時00分
2024-03-04 月曜日 11時00分～18時00分
2024-03-05 火曜日 11時00分～15時00分
2024-03-06 水曜日 11時00分～18時00分"
DL Studio,〒151-0053 東京都渋谷区代々木１丁目４５-４ 地下2階 代々木山陽ビル,,0,855.4,35.6822863,139.6982172,代々木駅,356.0,代々木駅|新宿駅,渋谷区,渋谷,1.0,area:渋谷|station:代々木駅|station:新宿駅,http://www.instabase.jp/rooms/2630,,
渡辺雅子フラメンコラコンチャ,〒160-0022 東京都新宿区新宿２丁目１-３ 1F,,0,862.3,35.688371,139.7093472,新宿駅,868.0,新宿駅|代々木駅|西武新宿駅,新宿区,新宿,1.0,area:新宿|station:新宿駅|station:代々木駅|station:西武新宿駅|feature:24h,https://www.masako-watanabe.net/,090-6659-1031,"オーナーが女性と確認されたビジネス2024-02-29 木曜日 19時00分～20時30分
2024-03-01 金曜日 定休日
2024-03-02 土曜日 定休日
2024-03-03 日曜日 定休日
2024-03-04 月曜日 17時30分～19時00分
2024-03-05 火曜日 定休日
2024-03-06 水曜日 定休日
"
すむぞう 代々木スタジオ,〒151-0053 東京都渋谷区代々木１丁目４５-７ C's YOYOGI 4F,,0,867.3,35.6822461,139.6978137,代々木駅,392.0,代々木駅|新宿駅,渋谷区,渋谷,1.0,area:渋谷|station:代々木駅|station:新宿駅,https://studio.sumuzo.info/studio/yoyogi/,,
貸空間スタジオStudioStyle+,〒160-0023 東京都新宿区西新宿７丁目２２-３１ BF 柏木 MURA,,0,869.8,35.697153,139.6965341,西武新宿駅,391.0,西武新宿駅|新大久保駅|新宿駅,新宿区,新宿,1.0,area:新宿|station:西武新宿駅|station:新大久保駅|station:新宿駅|feature:24h,https://studiostyle.jp/kashikukan-studio/,090-8306-7493,"2024-02-29 木曜日 24 時間営業
2024-03-01 金曜日 24 時間営業
2024-03-02 土曜日 24 時間営業
2024-03-03 日曜日 24 時間営業
2024-03-04 月曜日 24 時間営業
2024-03-05 火曜日 24 時間営業
2024-03-06 水曜日 24 時間営業"
新宿レンタルスタジオ アルファ,〒160-0022 東京都新宿区８ 新宿5丁目8番21号 サンジュリ23号室,,0,881.7,35.6925567,139.7091477,新宿駅,823.0,新宿駅|西武新宿駅,新宿区,新宿,1.0,area:新宿|station:新宿駅|station:西武新宿駅|feature:24h,,,"2024-02-29 木曜日 24 時間営業
2024-03-01 金曜日 24 時間営業
2024-03-02 土曜日 24 時間営業
2024-03-03 日曜日 24 時間営業
2024-03-04 月曜日 24 時間営業
2024-03-05 火曜日 24 時間営業
2024-03-06 水曜日 24 時間営業
"
レンタルピラティススタジオAivic西新宿,東京都新宿区西新宿7-6-5 グローリア初穂　生沼ビル405,https://dance-studio-lab.com/room/ZGY5MzY2ZjgtMzk1Mi00YTY0LWE2OWEtZDc3Y2RiYjllMmJh/detail,1,896.7,35.697718,139.6978183,西武新宿駅,331.0,西武新宿駅|大久保駅|新大久保駅|新宿西口駅|西新宿駅|東新宿駅|都庁前駅|新宿駅|新宿三丁目駅|中野坂上駅,新宿区,新宿,1.0,,,,
Ｍ＆Ｓダンススタジオ,〒151-0051 東京都渋谷区千駄ケ谷５丁目１１-１３ 俳協ビル B1,,0,903.2,35.6834591,139.7061521,代々木駅,374.0,代々木駅|新宿駅,渋谷区,渋谷,1.0,area:渋谷|station:代々木駅|station:新宿駅|feature:24h,http://www.msc-dance.net/,03-3350-5350,"2024-02-29 木曜日 10時00分～22時30分
2024-03-01 金曜日 10時00分～22時15分
2024-03-02 土曜日 10時00分～22時40分
2024-03-03 日曜日 10時00分～21時00分
2024-03-04 月曜日 10時00分～22時30分
2024-03-05 火曜日 10時00分～22時30分
2024-03-06 水曜日 10時00分～22時40分
"
ミューズエンタープライズ（プロダクション、スクール＆レンタル）,〒151-0053 東京都渋谷区代々木１丁目３１-２ ミューズ 本館,,0,907.9,35.6819472,139.7025171,代々木駅,131.0,代々木駅|新宿駅,渋谷区,渋谷,1.0,area:渋谷|station:代々木駅|station:新宿駅|feature:24h,http://www.muse-enterprise.com/,03-5371-8980,"2024-02-29 木曜日 10時00分～22時00分
2024-03-01 金曜日 10時00分～22時00分
2024-03-02 土曜日 10時00分～22時00分
2024-03-03 日曜日 10時00分～22時00分
2024-03-04 月曜日 10時00分～22時00分
2024-03-05 火曜日 10時00分～22時00分
2024-03-06 水曜日 10時00分～22時00分
"
スタジオジパング 新宿スタジオPRO,"ニューローレルビル ニューローレルビル地下1階, １丁目-３４-１１ 新宿 新宿区 東京都 160-0022",,0,964.9,35.691309,139.710504,新宿駅,926.0,新宿駅|西武新宿駅|代々木駅,新宿区,新宿,1.0,area:新宿|station:新宿駅|station:西武新宿駅|station:代々木駅|feature:24h,https://studiozipang.com/,,"2024-02-29 木曜日 24 時間営業
2024-03-01 金曜日 24 時間営業
2024-03-02 土曜日 24 時間営業
2024-03-03 日曜日 24 時間営業
2024-03-04 月曜日 24 時間営業
2024-03-05 火曜日 24 時間営業
2024-03-06 水曜日 24 時間営業
"
シュミネAスタジオStudioStyle+,〒169-0073 東京都新宿区百人町１丁目２４-７,,0,1000.7,35.6986271,139.6975462,新大久保駅,374.0,新大久保駅|西武新宿駅|新宿駅,新宿区,新宿,1.0,area:新宿|station:新大久保駅|station:西武新宿駅|station:新宿駅|feature:24h,https://studiostyle.jp/chemine-a-studio/,090-8306-7493,"2024-02-29 木曜日 24 時間営業
2024-03-01 金曜日 24 時間営業
2024-03-02 土曜日 24 時間営業
2024-03-03 日曜日 24 時間営業
2024-03-04 月曜日 24 時間営業
2024-03-05 火曜日 24 時間営業
2024-03-06 水曜日 24 時間営業
"
赤レンガ・ライブスタジオStudioStyle+,〒169-0073 東京都新宿区百人町１丁目２４-８ 1F,,0,1002.7,35.6987148,139.6979661,新大久保駅,344.0,新大久保駅|西武新宿駅|新宿駅,新宿区,新宿,1.0,area:新宿|station:新大久保駅|station:西武新宿駅|station:新宿駅|feature:24h,https://studiostyle.jp/akarenga-live-studio,090-8306-7493,"2024-02-29 木曜日 24 時間営業
2024-03-01 金曜日 24 時間営業
2024-03-02 土曜日 24 時間営業
2024-03-03 日曜日 24 時間営業
2024-03-04 月曜日 24 時間営業
2024-03-05 火曜日 24 時間営業
2024-03-06 水曜日 24 時間営業
"
赤レンガ・バレエスタジオStudioStyle+,〒169-0073 東京都新宿区百人町１丁目２４-８ 3F,,0,1002.7,35.6987066,139.6979087,新大久保駅,347.0,新大久保駅|西武新宿駅|新宿駅,新宿区,新宿,1.0,area:新宿|station:新大久保駅|station:西武新宿駅|station:新宿駅|feature:24h,https://studiostyle.jp/akarenga-ballet-studio/,090-8306-7493,"2024-02-29 木曜日 24 時間営業
2024-03-01 金曜日 24 時間営業
2024-03-02 土曜日 24 時間営業
2024-03-03 日曜日 24 時間営業
2024-03-04 月曜日 24 時間営業
2024-03-05 火曜日 24 時間営業
2024-03-06 水曜日 24 時間営業"
赤レンガ・プレイスタジオStudioStyle+,〒169-0073 東京都新宿区百人町１丁目２４-８ 3F,,0,1004.3,35.6987206,139.6979084,新大久保駅,346.0,新大久保駅|西武新宿駅|新宿駅,新宿区,新宿,1.0,area:新宿|station:新大久保駅|station:西武新宿駅|station:新宿駅|feature:24h,https://studiostyle.jp/akarenga-play-studio,090-8306-7493,"オーナーが女性と確認されたビジネス2024-02-29 木曜日 24 時間営業
2024-03-01 金曜日 24 時間営業
2024-03-02 土曜日 24 時間営業
2024-03-03 日曜日 24 時間営業
2024-03-04 月曜日 24 時間営業
2024-03-05 火曜日 24 時間営業
2024-03-06 水曜日 24 時間営業
"
ALOK DANCE DORAMA COMPANY,〒169-0073 東京都新宿区百人町１丁目１３-９,,0,1011.8,35.698917,139.6990848,新大久保駅,279.0,新大久保駅|西武新宿駅|新宿駅,新宿区,新宿,1.0,area:新宿|station:新大久保駅|station:西武新宿駅|station:新宿駅|feature:24h,http://alokddc.wordpress.com/,03-5386-8192,"LGBTQ フレンドリー2024-02-29 木曜日 9時00分～22時00分
2024-03-01 金曜日 9時00分～22時00分
2024-03-02 土曜日 9時00分～22時00分
2024-03-03 日曜日 9時00分～22時00分
2024-03-04 月曜日 9時00分～22時00分
2024-03-05 火曜日 9時00分～22時00分
2024-03-06 水曜日 9時00分～22時00分"
Studioonda大久保,〒169-0073 東京都新宿区百人町１丁目２３-２ 3F,,0,1013.9,35.6986846,139.6972142,新大久保駅,388.0,新大久保駅|西武新宿駅|新宿駅,新宿区,新宿,1.0,area:新宿|station:新大久保駅|station:西武新宿駅|station:新宿駅|feature:24h,https://studioonda.com/,080-4947-2985,"2024-02-29 木曜日 24 時間営業
2024-03-01 金曜日 24 時間営業
2024-03-02 土曜日 24 時間営業
2024-03-03 日曜日 24 時間営業
2024-03-04 月曜日 24 時間営業
2024-03-05 火曜日 24 時間営業
2024-03-06 水曜日 24 時間営業"
ダンススタジオ石井,〒151-0051 東京都渋谷区千駄ケ谷５丁目４-７,,0,1046.2,35.6825722,139.7073212,代々木駅,480.0,代々木駅|新宿駅,渋谷区,渋谷,1.0,area:渋谷|station:代々木駅|station:新宿駅|feature:24h,http://www.ds-ishii.com/,03-3350-4310,"2024-02-29 木曜日 13時00分～22時00分
2024-03-01 金曜日 13時00分～22時00分
2024-03-02 土曜日 13時00分～20時00分
2024-03-03 日曜日 定休日
2024-03-04 月曜日 13時00分～22時00分
2024-03-05 火曜日 13時00分～22時00分
2024-03-06 水曜日 13時00分～22時00分
"
SOUND STUDIO M 小岩店,新宿区百人町1-23-26　みなみビルＢ１－Ｂ号室,https://dance-studio-lab.com/room/NTc0ZTA0MjMtMDE1OS00OWM1LTk0YzAtODhmYzQ5ZTRhYzgx/detail,1,1046.3,35.6990306,139.697456,大久保駅,184.0,大久保駅|新大久保駅|西武新宿駅|新宿西口駅|西新宿駅|東新宿駅|都庁前駅|新宿駅|新宿三丁目駅|中野坂上駅,新宿区,新宿,1.0,,,,
スタジオジパング大久保,〒169-0073 東京都新宿区百人町１丁目２３ みなみビル B1,,0,1060.2,35.6991668,139.6974992,新大久保駅,331.0,新大久保駅|西武新宿駅|新宿駅,新宿区,新宿,1.0,area:新宿|station:新大久保駅|station:西武新宿駅|station:新宿駅|feature:24h,https://studiozipang.com/okubo-standard/,,"2024-02-29 木曜日 24 時間営業
2024-03-01 金曜日 24 時間営業
2024-03-02 土曜日 24 時間営業
2024-03-03 日曜日 24 時間営業
2024-03-04 月曜日 24 時間営業
2024-03-05 火曜日 24 時間営業
2024-03-06 水曜日 24 時間営業
"
サウンドスタジオノア 代々木,〒151-0051 東京都渋谷区千駄ケ谷４丁目２６-５ 代々木ノアビル,,0,1060.5,35.6809855,139.7043183,代々木駅,309.0,代々木駅|新宿駅,渋谷区,渋谷,1.0,area:渋谷|station:代々木駅|station:新宿駅|feature:24h,https://www.studionoah.jp/yoyogi/,03-3408-8819,"2024-02-29 木曜日 9時00分～23時00分
2024-03-01 金曜日 9時00分～23時00分
2024-03-02 土曜日 9時00分～23時00分
2024-03-03 日曜日 9時00分～23時00分
2024-03-04 月曜日 9時00分～23時00分
2024-03-05 火曜日 9時00分～23時00分
2024-03-06 水曜日 9時00分～23時00分
"
"マイレッスン 新宿A,Bスタジオ",〒160-0022 東京都新宿区新宿１丁目１３-１２,,0,1067.2,35.688976,139.711741,新宿駅,1059.0,新宿駅|代々木駅,新宿区,新宿,1.0,area:新宿|station:新宿駅|station:代々木駅|feature:24h,http://www.my-lesson.jp/,,"2024-02-29 木曜日 24 時間営業
2024-03-01 金曜日 24 時間営業
2024-03-02 土曜日 24 時間営業
2024-03-03 日曜日 24 時間営業
2024-03-04 月曜日 24 時間営業
2024-03-05 火曜日 24 時間営業
2024-03-06 水曜日 24 時間営業
"
新宿御苑前スタジオ,〒160-0022 東京都新宿区新宿１丁目１３-１２ FIRST bldg 地下1階 FIRST Bldg.,,0,1071.4,35.6889816,139.7117883,新宿駅,1063.0,新宿駅|代々木駅,新宿区,新宿,1.0,area:新宿|station:新宿駅|station:代々木駅|feature:24h,https://www.studio-barbie.jp/06/,03-6822-3000,"2024-02-29 木曜日 24 時間営業
2024-03-01 金曜日 24 時間営業
2024-03-02 土曜日 24 時間営業
2024-03-03 日曜日 24 時間営業
2024-03-04 月曜日 24 時間営業
2024-03-05 火曜日 24 時間営業
2024-03-06 水曜日 24 時間営業
"
レンタルスタジオマイレッスン 新宿御苑前,〒160-0022 東京都新宿区新宿１丁目１７-１,,0,1077.2,35.6891993,139.7118737,新宿駅,1066.0,新宿駅|代々木駅,新宿区,新宿,1.0,area:新宿|station:新宿駅|station:代々木駅|feature:24h,https://www.my-lesson.jp/,,"2024-02-29 木曜日 24 時間営業
2024-03-01 金曜日 24 時間営業
2024-03-02 土曜日 24 時間営業
2024-03-03 日曜日 24 時間営業
2024-03-04 月曜日 24 時間営業
2024-03-05 火曜日 24 時間営業
2024-03-06 水曜日 24 時間営業
"
天空MURAミドルスタジオStudioStyle+,〒160-0023 東京都新宿区西新宿６丁目１２-１６ 天空ＭＵＲＡ一号館,,0,1091.1,35.6933988,139.6887106,新宿駅,1079.0,新宿駅|西武新宿駅,新宿区,新宿,1.0,area:新宿|station:新宿駅|station:西武新宿駅|feature:24h,https://studiostyle.jp/tenku-middle-studio/,090-8306-7493,"2024-02-29 木曜日 24 時間営業
2024-03-01 金曜日 24 時間営業
2024-03-02 土曜日 24 時間営業
2024-03-03 日曜日 24 時間営業
2024-03-04 月曜日 24 時間営業
2024-03-05 火曜日 24 時間営業
2024-03-06 水曜日 24 時間営業"
天空MURAダンススタジオStudioStyle+,〒160-0023 東京都新宿区西新宿６丁目１２-１６,,0,1091.3,35.6934023,139.6887103,新宿駅,1079.0,新宿駅|西武新宿駅,新宿区,新宿,1.0,area:新宿|station:新宿駅|station:西武新宿駅|feature:24h,https://studiostyle.jp/tenku-dance-studio/,090-8306-7493,"オーナーが女性と確認されたビジネス2024-02-29 木曜日 24 時間営業
2024-03-01 金曜日 24 時間営業
2024-03-02 土曜日 24 時間営業
2024-03-03 日曜日 24 時間営業
2024-03-04 月曜日 24 時間営業
2024-03-05 火曜日 24 時間営業
2024-03-06 水曜日 24 時間営業"
ICHIBANGAI Dance Studio,〒160-0022 東京都新宿区新宿１丁目３ 12・B1,,0,1126.8,35.6878166,139.7121969,代々木駅,1059.0,代々木駅|新宿駅,新宿区,新宿,1.0,area:新宿|station:代々木駅|station:新宿駅,http://www.studio1b.jp/,03-6273-1759,
ハレスタジオ参宮橋,〒151-0053 東京都渋谷区代々木４丁目２８-８ 代々木村田マンション 509,,0,1131.0,35.6830743,139.6906292,代々木駅,1031.0,代々木駅,渋谷区,渋谷,1.0,area:渋谷|station:代々木駅|feature:24h,https://www.hale-studio.com/?utm_source=google&utm_medium=wix_google_business_profile&utm_campaign=17548285089529494699,090-3874-1762,"2024-02-29 木曜日 7時00分～22時00分
2024-03-01 金曜日 7時00分～22時00分
2024-03-02 土曜日 定休日
2024-03-03 日曜日 定休日
2024-03-04 月曜日 7時00分～22時00分
2024-03-05 火曜日 7時00分～22時00分
2024-03-06 水曜日 7時00分～22時00分
"
ノアスタジオ代々木店,〒151-0051 東京都渋谷区千駄ケ谷４丁目２４-１９,,0,1140.9,35.6809867,139.706346,代々木駅,452.0,代々木駅,渋谷区,渋谷,1.0,area:渋谷|station:代々木駅|feature:24h,https://www.noahstudio.jp/shop/yoyogi/,03-5413-3955,"2024-02-29 木曜日 24 時間営業
2024-03-01 金曜日 24 時間営業
2024-03-02 土曜日 24 時間営業
2024-03-03 日曜日 24 時間営業
2024-03-04 月曜日 24 時間営業
2024-03-05 火曜日 24 時間営業
2024-03-06 水曜日 24 時間営業
"
東京バレエ劇場,〒169-0073 東京都新宿区百人町１丁目１６-４,,0,1166.0,35.700225,139.69813,新大久保駅,211.0,新大久保駅|西武新宿駅|新宿駅,新宿区,新宿,1.0,area:新宿|station:新大久保駅|station:西武新宿駅|station:新宿駅|feature:24h,http://tokyo-ballet.com/,03-3361-0958,"2024-02-29 木曜日 10時00分～21時00分
2024-03-01 金曜日 10時00分～21時00分
2024-03-02 土曜日 10時30分～16時00分
2024-03-03 日曜日 定休日
2024-03-04 月曜日 10時00分～21時00分
2024-03-05 火曜日 10時00分～21時00分
2024-03-06 水曜日 10時00分～21時00分
"
studio worcle okubo,〒169-0073 東京都新宿区百人町１丁目２１-５ 新宿Stビル,,0,1176.3,35.7000608,139.6965864,新大久保駅,342.0,新大久保駅|西武新宿駅|新宿駅,新宿区,新宿,1.0,area:新宿|station:新大久保駅|station:西武新宿駅|station:新宿駅|feature:24h,https://www.studioworcle.com/okubo/,03-5358-9082,"2024-02-29 木曜日 9時00分～6時00分
2024-03-01 金曜日 9時00分～6時00分
2024-03-02 土曜日 9時00分～6時00分
2024-03-03 日曜日 9時00分～6時00分
2024-03-04 月曜日 9時00分～6時00分
2024-03-05 火曜日 9時00分～6時00分
2024-03-06 水曜日 9時00分～6時00分"
レンタルダンススタジオ LANDstudio 新宿店,〒169-0073 東京都新宿区百人町１丁目２２-１９ 筒井ビル B1F,,0,1187.5,35.7002941,139.6972499,新大久保駅,276.0,新大久保駅|西武新宿駅|新宿駅,新宿区,新宿,1.0,area:新宿|station:新大久保駅|station:西武新宿駅|station:新宿駅|feature:24h,https://land-studio.jp/?utm_source=gbp&utm_medium=referral,,"LGBTQ フレンドリー2024-02-29 木曜日 24 時間営業
2024-03-01 金曜日 24 時間営業
2024-03-02 土曜日 24 時間営業
2024-03-03 日曜日 24 時間営業
2024-03-04 月曜日 24 時間営業
2024-03-05 火曜日 24 時間営業
2024-03-06 水曜日 24 時間営業"
