記事タイトル,記事タイプ,優先度,対象件数,対象スタジオ例,判定
新宿のレンタルダンススタジオおすすめ,エリア,S,108,スタジオハイシー / レンタルスタジオswamp西新宿 / ソニズレンタルスタジオ新宿店,OK
渋谷のレンタルダンススタジオおすすめ,エリア,S,83,BUZZ レンタルスタジオ 代々木店 / A la neigeバレエ / すむぞう 代々木スタジオ,OK
池袋のレンタルダンススタジオおすすめ,エリア,S,54,a.Music Studio / BOX Performers Academy 池袋校 / BUZZ レンタルスタジオ 池袋本店,OK
上野のレンタルダンススタジオおすすめ,エリア,S,34,【レンタルスタジオ】SPICY CANDY【ボディメイク】 / 中村隆彦ダンススタジオ浅草千束 / ミライスタジオ上野,OK
吉祥寺のレンタルダンススタジオおすすめ,エリア,S,28,[吉祥寺ダンススタジオ] Studio Amrita NORTH / emotionS Dance Studio / TONIC DANCE STUDIO 吉祥寺,OK
中野のレンタルダンススタジオおすすめ,エリア,S,35,A.R.P studio / Asia Ballet Agency / b-line dance studio,OK
秋葉原のレンタルダンススタジオおすすめ,エリア,S,47,㈱Tera-coya / alt studio (オルトスタジオ) / ATHLETE Studio,OK
六本木のレンタルダンススタジオおすすめ,エリア,A,68,ACFit 赤坂見附スタジオ / Ballet Studio M'z / ナ・ホク・オ・カヘアラニ フラ＆タヒチアン,OK
下北沢のレンタルダンススタジオおすすめ,エリア,A,70,ABC明大前スタ / BRONX RENTAL STUDIO / ダンススタジオ・レンタルスタジオ_DANCE SPACE 365,OK
三軒茶屋のレンタルダンススタジオおすすめ,エリア,A,0,,要修正
高田馬場のレンタルダンススタジオおすすめ,エリア,A,0,,要修正
恵比寿のレンタルダンススタジオおすすめ,エリア,A,0,,要修正
原宿のレンタルダンススタジオおすすめ,エリア,A,0,,要修正
表参道のレンタルダンススタジオおすすめ,エリア,A,0,,要修正
五反田のレンタルダンススタジオおすすめ,エリア,A,0,,要修正
品川のレンタルダンススタジオおすすめ,エリア,A,31,㈱フラオリタヒチ / Hidemi Dancing Vida / K-POP、HIPHOPキッズダンススクール｜クレドダンススタジオ,OK
立川のレンタルダンススタジオおすすめ,エリア,B,14,DECO MUSIC SCHOOL ボイストレーニング、ボーカルレッスン 立川校 / duobus studio｜デュオバススタジオ / SISTERS TOKYO 立川校 【ダンススクール】,OK
八王子のレンタルダンススタジオおすすめ,エリア,B,24,ＤＡＮＣＥＳＴＵＤＩＯ・ＢＩＮＧＯ / FANTASY DANCE SCHOOL 八王子店 / M Ballet Studio,OK
錦糸町のレンタルダンススタジオおすすめ,エリア,B,16,ACCA STUDIO / Ballet & Dance TRE / Ballet & Dance UNO,OK
北千住のレンタルダンススタジオおすすめ,エリア,B,21,AAPA 日の出町団地スタジオ / Brilliant Me Dance Studio 鹿浜校 / Dance Studio Broomstick,OK
蒲田のレンタルダンススタジオおすすめ,エリア,B,25,蒲田・矢口渡レンタルスタジオ momobana / レンタルスタジオ N.studio / 子ども向けダンス教室LUNA DANCE 長原駅前校,OK
新宿駅のレンタルダンススタジオおすすめ,駅,S,71,スタジオハイシー / ソニズレンタルスタジオ新宿店 / BUZZ新宿,OK
渋谷駅のレンタルダンススタジオおすすめ,駅,S,35,A la neigeバレエ / 渋谷店 レンタルダンススタジオ ＲＯＯＴＳ / ARTIST DANCE STUDIO,OK
池袋駅のレンタルダンススタジオおすすめ,駅,S,38,BOX Performers Academy 池袋校 / BUZZ レンタルスタジオ 池袋本店 / C Production Dance Studio,OK
高田馬場駅のレンタルダンススタジオおすすめ,駅,S,29,スタジオキャンパス 高田馬場店 / SHOJIN Show-Base Tokyo / BUZZ レンタルスタジオ 高田馬場店,OK
吉祥寺駅のレンタルダンススタジオおすすめ,駅,S,24,[吉祥寺ダンススタジオ] Studio Amrita NORTH / TONIC DANCE STUDIO 吉祥寺 / LIMITED Creaation. dance studio,OK
中野駅のレンタルダンススタジオおすすめ,駅,S,21,ソニズレンタルスタジオ東高円寺店 / 中野 レンタルスタジオ オドリバ / ソニズレンタルスタジオ新中野鍋横第2店,OK
新大久保駅のレンタルダンススタジオおすすめ,駅,A,51,ソニズレンタルスタジオ新宿店 / BUZZ新宿 / レンタルダンススタジオ LANDstudio 新宿店,OK
西武新宿駅のレンタルダンススタジオおすすめ,駅,A,55,スタジオハイシー / ソニズレンタルスタジオ新宿店 / BUZZ新宿,OK
代々木駅のレンタルダンススタジオおすすめ,駅,A,29,スタジオハイシー / BUZZ レンタルスタジオ新宿4丁目店 / レンタルスタジオマイレッスン 新宿御苑前,OK
原宿駅のレンタルダンススタジオおすすめ,駅,A,22,原宿ダンススタジオ SHIN RENTAL STUDIO / ナ・ホク・オ・カヘアラニ フラ＆タヒチアン / BUZZ SHIBUYA店,OK
恵比寿駅のレンタルダンススタジオおすすめ,駅,A,37,渋谷店 レンタルダンススタジオ ＲＯＯＴＳ / レンタルスタジオマイレッスン 渋谷店 / 中目黒店 レンタルダンススタジオROOTS,OK
目黒駅のレンタルダンススタジオおすすめ,駅,A,18,Hidemi Dancing Vida / K-POP、HIPHOPキッズダンススクール｜クレドダンススタジオ / Mailani feel art studio,OK
五反田駅のレンタルダンススタジオおすすめ,駅,A,16,Hidemi Dancing Vida / K-POP、HIPHOPキッズダンススクール｜クレドダンススタジオ / Pole and Aerial Studio POLISH五反田,OK
品川駅のレンタルダンススタジオおすすめ,駅,A,4,TOKYO GATE STUDIO 東京ゲートスタジオ レンタルスタジオ / フラメンコスタジオアスール / SHARE TAKANAWA,少ない
錦糸町駅のレンタルダンススタジオおすすめ,駅,B,10,Ballet & Dance TRE / Ballet & Dance UNO / スタジオジパング 錦糸町スタジオSTANDARD,OK
北千住駅のレンタルダンススタジオおすすめ,駅,B,5,AAPA 日の出町団地スタジオ / SATOトータルダンススクール / sound studio PACKS 北千住店,少ない
蒲田駅のレンタルダンススタジオおすすめ,駅,B,5,Studio Green 蒲田／スタジオグリーン蒲田／【蒲田駅東口5分】鏡約7mの綺麗で広いスタジオでダンス・ポージング・ヨガ・ピラティス・演劇・撮影などにおすすめ☆ / アメリカンスタイル専門の社交ダンスサークル 【Sunday Dance Cafe】 / キッズアクロバット＆ダンススクール ミジー蒲田スタジオ,少ない
24時間使えるレンタルダンススタジオ 東京,条件,S,963,スタジオハイシー / レンタルスタジオswamp西新宿 / ソニズレンタルスタジオ新宿店,OK
駅近のレンタルダンススタジオ 東京,条件,S,309,ソニズレンタルスタジオ新宿店 / BUZZ新宿 / レンタルダンススタジオ LANDstudio 新宿店,OK
安いレンタルダンススタジオ 東京,条件,S,1195,スタジオハイシー / レンタルスタジオswamp西新宿 / ソニズレンタルスタジオ新宿店,OK
少人数向けレンタルダンススタジオ 東京,条件,S,1195,スタジオハイシー / レンタルスタジオswamp西新宿 / ソニズレンタルスタジオ新宿店,OK
深夜利用OKのダンススタジオ 東京,条件,A,1195,スタジオハイシー / レンタルスタジオswamp西新宿 / ソニズレンタルスタジオ新宿店,OK
大人数対応ダンススタジオ 東京,条件,A,1195,スタジオハイシー / レンタルスタジオswamp西新宿 / ソニズレンタルスタジオ新宿店,OK
初心者向けダンススタジオ 東京,条件,A,1195,スタジオハイシー / レンタルスタジオswamp西新宿 / ソニズレンタルスタジオ新宿店,OK
鏡付きレンタルダンススタジオ 東京,条件,A,1195,スタジオハイシー / レンタルスタジオswamp西新宿 / ソニズレンタルスタジオ新宿店,OK
撮影可能なダンススタジオ 東京,条件,B,1195,スタジオハイシー / レンタルスタジオswamp西新宿 / ソニズレンタルスタジオ新宿店,OK
防音完備のダンススタジオ 東京,条件,B,1195,スタジオハイシー / レンタルスタジオswamp西新宿 / ソニズレンタルスタジオ新宿店,OK
