name,name,url
test studio 1,test room 1,https://dance-studio-lab.com/room/MzVhODQxMTktOTlhMC00NTZkLWFkNjktYmQ3YzNhYmZlYTNk/detail
スタジオピアーチェ春日後楽園店,春日後楽園スタジオ,https://dance-studio-lab.com/room/MGRlMzFmOGEtODQ5Ni00YjlkLTliNzktNWRmYmI0NzkwM2Q0/detail
【TEST】ダンススタジオラボ,あ,https://dance-studio-lab.com/room/NzhlZDJjNDItYTc1NC00NmY3LTk3M2EtZDhiNzNjYzIyZDZk/detail
スタジオピアーチェ池袋店,池袋スタジオ,https://dance-studio-lab.com/room/YjA4YWEyZDUtYmFmZS00NDQ3LWJjOWYtMzU2MDlmMDc1MTJi/detail
BUZZ竹ノ塚,2st,https://dance-studio-lab.com/room/Zjk4YThkNDItZDI4OC00MTRlLTg2NDgtYTgxZDUyYjgxMjQ2/detail
レンタルスタジオAivic池袋東口1号店,レンタルスタジオAivic池袋東口1号店,https://dance-studio-lab.com/room/ZTU1MDVkNDQtZjUzNi00MWRiLWFhMDctZTk3YTg1YjRjNDUx/detail
【TEST】ダンススタジオラボ,503,https://dance-studio-lab.com/room/MDRlYjc3NGEtODdiMS00MDU0LWE5ZWQtMDBlMTE0ZGE4NzVm/detail
【TEST】ダンススタジオラボ,709,https://dance-studio-lab.com/room/YjBhN2MzOTYtNjY4Yy00MWJiLTk0Y2YtNTkwZmEwNmMxYTU5/detail
THビル,TH2C,https://dance-studio-lab.com/room/ZGYxYjYyNDgtMDEzOC00MjZhLTgyZDctODZlMDViYTQ0NDgy/detail
【TEST】ダンススタジオラボ,ルーム１０２,https://dance-studio-lab.com/room/OWZlZDUwNWUtZTIzYi00ZjFhLTgzOTctMDEyNmIzNjJmMzY4/detail
なかすた,なかすた　B1階,https://dance-studio-lab.com/room/ODE4NDI3NmEtODY2YS00ZTg2LTgyMzctNzMzNmYwYjNmNDgx/detail
スタジオ五軒町／『鏡張り』の多目的に利用できる『防音』スタジオ,スタジオ五軒町,https://dance-studio-lab.com/room/ODZiZjA3NDItNjk4ZS00YjMxLWFjMGQtMGU5ZjVkZDg5OWQw/detail
SPICYCANDY DANCESTUDIO,SPICYCANDY　DANCESYUDIO,https://dance-studio-lab.com/room/NGFjMTNkYTgtNmQ4My00ZTgxLWI3ZmYtMjM4OGVjNDM4Yjk3/detail
スタジオピアーチェ江戸川橋店,江戸川橋スタジオ,https://dance-studio-lab.com/room/NWM3NGU4NjAtNTU5MS00NzUyLTg5ZTQtZWM3NGYwZTliOGZj/detail
BUZZ渋谷宮下PARK,Ast,https://dance-studio-lab.com/room/YmNlM2RmNGMtNGI0Mi00ZTg4LTk4OTYtNjY4NWRiM2JmNzhm/detail
THビル,TH2F,https://dance-studio-lab.com/room/Mzc2MTU4YmQtMzJmZi00ODNkLTkyYzMtMWY4ZjMxZjM1MDli/detail
レンタルスタジオAivic築地,レンタルスタジオAivic築地,https://dance-studio-lab.com/room/Y2UzMzcxZTMtNDhlNS00ODEwLWJlOGYtZjA1ZjM5Y2YxNjE0/detail
Dubway レンタルスタジオ小岩,Dubway小岩 B Room,https://dance-studio-lab.com/room/ZmU2YzI4MzYtZGY2ZC00YmZkLWI5MWItZDg0OTdkOTdmOGI5/detail
BUZZ赤坂見附,Ast,https://dance-studio-lab.com/room/NjYxZDU0NDMtOGEwNS00MDM3LTllNDktMzAyNTQ0MmVlMTE1/detail
BUZZ赤坂見附,Bst,https://dance-studio-lab.com/room/MTY3OGY1NTAtMzcxYS00M2UyLWI2OTgtNDg1Yjc5MzMyOGJi/detail
レンタルピラティススタジオAivic北参道,レンタルピラティススタジオAivic北参道,https://dance-studio-lab.com/room/MWZkYTk2NGMtMDU4OC00YjY5LWI5MjYtNjNhNmYyMWI4M2Q2/detail
THビル,TH2E,https://dance-studio-lab.com/room/MTE5Nzk3ZDAtOTFjMC00Y2I4LWIxNzgtYjdiY2Y0YjEyNTVi/detail
THビル,TH2B＋2E,https://dance-studio-lab.com/room/NWVmMjA3MGYtNzRhMC00MDFkLWFlOTEtY2U5ODFlNWQzYTI0/detail
日暮里リーダンススタジオ,リーダンススタジオ,https://dance-studio-lab.com/room/MjAxNTcyNmItYmQ2Ny00MmEzLWIyNjktODFkZmYxNGJiOTVh/detail
BUZZ渋谷TOWER,4-2st,https://dance-studio-lab.com/room/YWZmOTdhZGMtMjk1MC00ODljLWE2YWUtMDRjMGM5NTIxZTg2/detail
BUZZ国分寺,Bst,https://dance-studio-lab.com/room/ZjIzMWQ0ZjctM2ViOC00Yzg1LWExMzMtMGFkZDYwYzg1Mjhj/detail
BUZZ竹ノ塚,1st,https://dance-studio-lab.com/room/ZWZlMjI5ZGItYzc5NS00ZjU2LThlMWItNTQxM2VhODk5ZGQ0/detail
Hina STUDIO(ヒナスタジオ)【新宿西口アネックス】,Hina STUDIO（ヒナスタジオ）新宿西口アネックス【Bスタジオ】,https://dance-studio-lab.com/room/NWQxZDIzMzUtNWMzOC00MzY4LWE4YmYtMWU3MDBkYWM3ZDY2/detail
BUZZ南池袋,11st,https://dance-studio-lab.com/room/MTBjZDE1MWUtMTc4Ny00Nzg4LTkwYWQtN2I5OWM4OTcwNWM4/detail
【TEST】ダンススタジオラボ,ルーム１０１,https://dance-studio-lab.com/room/OThlYjg0OGYtYWUzYy00MzVlLTk0MDAtNjRhMjhjYTM4Yjk3/detail
チェリッシュスタジオ1号館/6号館,チェリッシュスタジオ6号館,https://dance-studio-lab.com/room/Njc0MjgwMDUtMzBjZS00ZmU5LWFkNzgtYTE3Y2U5NDMyYmU0/detail
BUZZ渋谷TOWER,6-1st,https://dance-studio-lab.com/room/MjRkYmYwMWQtYTBiYy00YjMzLWIyZjktMzQxYmFlOWYwYjY0/detail
BUZZ横浜2nd,Ast,https://dance-studio-lab.com/room/M2NjZjBmYmItOThiZS00MzI4LWEwYzQtNDRkOWUxMjRlYWM3/detail
BUZZ横浜2nd,Sst,https://dance-studio-lab.com/room/ZTZmYTE2ZGUtNTUxOC00NTViLTg1ZWUtOTQ1ODNlMjE4MmY1/detail
BUZZ池袋西口PARK,Sst,https://dance-studio-lab.com/room/ZjBiN2M3MDEtZTMzYS00ZGZkLTg3YTktYjU3MjdjNDk3Njli/detail
BUZZ神田,Cst,https://dance-studio-lab.com/room/ODJkZDE5YzQtMTlhZS00NjNlLWJlZTQtNDA3NTU3MTQ5NDg5/detail
Hina STUDIO（ヒナスタジオ）【目黒スタジオ】,Hina STUDIO（ヒナスタジオ）【目黒スタジオ】,https://dance-studio-lab.com/room/NDI2ZDYyZTYtOWNhNy00YmIxLWJhNzItOTJlYmQ3MmI3MTU2/detail
チェリッシュスタジオ3号館/10号館,チェリッシュスタジオ3号館,https://dance-studio-lab.com/room/ODU0ZjgzZjAtNDc3OS00N2YwLTkxZWEtNTNiMTc2MDE4NGRl/detail
チェリッシュスタジオ7号館,チェリッシュスタジオ7号館,https://dance-studio-lab.com/room/MjQ5NGIyOTEtZTVmOS00MzZkLWIzNGYtYTFkMmVhOWZiYTE5/detail
BUZZ南池袋,10st,https://dance-studio-lab.com/room/MzI1MWQzYjgtNzBiMC00NTlkLThmMWItNjQ1N2RjYzEyODVi/detail
BUZZ BAYSIDE(浜松町),1st ,https://dance-studio-lab.com/room/MjdmMGNkZWUtZGZjYi00YmUxLWIzZjctOTM0NmJmNmM5NjRm/detail
BUZZ南池袋,1st ,https://dance-studio-lab.com/room/OWU5ZjNiNDItOWNlZS00M2FlLWFmN2EtYTNhNDYyN2ZjOGIx/detail
BUZZ福岡本店,1st ,https://dance-studio-lab.com/room/NTc0N2VjNzQtOWJhZi00NDhjLWE5MTctOTNjOTNjY2I3YmQ3/detail
チェリッシュスタジオ4号館/8号館,チェリッシュスタジオ8号館,https://dance-studio-lab.com/room/NmJiNDI1YTQtN2EwMi00ODFjLWE0OTMtMjUyYzk4ODY2NGY5/detail
ザ・スペース大久保南口,ザ・スペース大久保南口,https://dance-studio-lab.com/room/ZDRhYmIxMjgtNzhkMy00Yjk1LTk2MzItNTdiZWJmY2VkYWZk/detail
SOUND STUDIO M 小岩店,301st,https://dance-studio-lab.com/room/NTc0ZTA0MjMtMDE1OS00OWM1LTk0YzAtODhmYzQ5ZTRhYzgx/detail
チェリッシュスタジオ5号館,チェリッシュスタジオ5号館,https://dance-studio-lab.com/room/NTRjMDczNjgtY2EzMy00YjE4LWJlMjYtYmExOTZiYTBmZWZk/detail
チェリッシュスタジオ11号館/12号館/13号館/14号館,チェリッシュスタジオ11号館,https://dance-studio-lab.com/room/ZmMxMTg1ZGQtMjUyZS00NjZlLWE3YzMtZjllNWM1N2JhNTdj/detail
チェリッシュスタジオ11号館/12号館/13号館/14号館,チェリッシュスタジオ14号館,https://dance-studio-lab.com/room/OWY3NzM2ZTktZTRjNC00ZDIwLTg3OGUtMjZlYTJhMWIwZDhl/detail
レンタルピラティススタジオAivic新宿,レンタルピラティススタジオAivic新宿【Aスペース】,https://dance-studio-lab.com/room/MWY5Yzc5YzMtMmViOC00MmI0LWIwNzUtNDY1MDUzZjY4MzVm/detail
レンタルピラティススタジオAivic新宿,レンタルピラティススタジオAivic新宿【Bスペース】,https://dance-studio-lab.com/room/NDI4NTM2MTQtNWNlMi00ZTNlLThkYTMtMDkzY2Q2MGIzZDQz/detail
BUZZ六本木,Bst,https://dance-studio-lab.com/room/MGYxY2IwOWYtNDQ4ZS00MmEyLTliYTAtNzg1YjUyOTA0OTlj/detail
BUZZ西国分寺,4st,https://dance-studio-lab.com/room/ZDcyMzBmZWYtMzdiYS00YjY0LThmOGEtZDJjMzQxNTVlZDA2/detail
BUZZ大宮,2F,https://dance-studio-lab.com/room/NDhmMDc4YjUtMDIzYy00ZDE4LWFjZDgtYTNiZTAwMDRkMzli/detail
BUZZ六本木,Cst,https://dance-studio-lab.com/room/ZDA0MzdmZDEtNGMyNS00ZjdhLThmYTYtY2I2MTBkMjdiNDZj/detail
【TEST】,ルーム１０１,https://dance-studio-lab.com/room/ZDVmZDU0NzktMThkZC00NjZmLWI3MTYtZWI5ZmU0ZjEyMTFm/detail
ああああ,いいい,https://dance-studio-lab.com/room/NjMxOGNiYmEtZmU2NS00YWQwLTlkMDgtOGYxM2UwOGM4ZDZi/detail
BUZZ渋谷TOWER,7-1st,https://dance-studio-lab.com/room/OGNhMDE1N2QtYTAwNS00NGM3LWJiZjMtZTNlODAyZjJmNjU3/detail
BUZZ巣鴨,Bst ,https://dance-studio-lab.com/room/MmNjNjkxYjEtYjA5ZC00YTZkLWFjMTAtZmVhYzQ1MGY0M2Uy/detail
BUZZ新宿,Ast,https://dance-studio-lab.com/room/NThmODMwMDctZjkyNi00ZTE3LTgwNjQtMDRmOGIwMmQ5ZTRi/detail
BUZZ新宿コンシェルジュ,1st,https://dance-studio-lab.com/room/OGUzNmE0NzUtZDU1NS00ZjIyLTg4OGItNDYyOWI2YzkzOTA0/detail
BUZZ池袋東口BASE,2st,https://dance-studio-lab.com/room/NWY2ZjE2OGUtZDYyYi00ZTk5LThlMjctZDI1YjllMmRjM2Jk/detail
BUZZ池袋東口BASE,3st,https://dance-studio-lab.com/room/YmY3ZDE0NTUtNWRhZi00ZmEzLWJkZmMtYTQyMDY4ZWUxZmI4/detail
BUZZ渋谷MARKCITY,2Ast,https://dance-studio-lab.com/room/MTJmOWU1NGQtYmViZC00YWEzLWI5Y2ItNGFhYzU3YTAyZTBk/detail
BUZZ川崎,406st,https://dance-studio-lab.com/room/OTQ1NGFkZmEtOTQyNS00Nzg1LTg0MDgtNzg4ODFjYWY0ZjZl/detail
BUZZ関内,Ast,https://dance-studio-lab.com/room/OWEzMTEwNDEtMjc2Yi00NzA0LTk0NmMtYTU1NGNhNTY4YTM3/detail
BUZZ高田馬場,2st,https://dance-studio-lab.com/room/NjZiZWQwNjEtYmU0ZS00MDllLWI0M2UtNmYxZjdhOWUwY2Mz/detail
BUZZ高田馬場,3st,https://dance-studio-lab.com/room/MzcyMGI1MzctODUwMy00ZDg1LTk4ZTctMjFmODA3MTNmZWY5/detail
THビル,TH2B　,https://dance-studio-lab.com/room/MDM3ZTgxMTktNzJjNS00ZDk1LWE3YjktYjYyNzg0OTlkZTI3/detail
Dubway レンタルスタジオ大塚,Dubway Dance Lab 撮影スタジオ　大塚 A Room,https://dance-studio-lab.com/room/ODA1MWRkOGQtODA5Yi00NTRlLWIyNzktZmMyNWFkMTc3ZDY4/detail
レンタルスタジオAivic渋谷道玄坂,レンタルスタジオAivic渋谷道玄坂,https://dance-studio-lab.com/room/NWE2MDljYmItN2I0ZC00ZjIzLWI3MGEtMmZiNmEzNWJjOWI4/detail
レンタルスタジオAivic神田,レンタルスタジオAivic神田,https://dance-studio-lab.com/room/MzE4YmJlMGMtZTc3Yy00OTIwLTg3ZTMtZDQxN2E4Yzc1YTFj/detail
チェリッシュスタジオ3号館/10号館,チェリッシュスタジオ10号館,https://dance-studio-lab.com/room/NmM0ZTU1ZjctOTRiOC00YjNkLTlhYWEtNmM2YjI4YjI1NGMz/detail
チェリッシュスタジオ4号館/8号館,チェリッシュスタジオ4号館,https://dance-studio-lab.com/room/YmY1NWZhYjEtNTU5OC00MGM3LTliNjAtMjk1ZmIxMmE5ZDE3/detail
チェリッシュスタジオ11号館/12号館/13号館/14号館,チェリッシュスタジオ12号館,https://dance-studio-lab.com/room/MjEzNWFjN2UtNzc1My00Y2Q2LTk5MmUtYjUyMWQxYzA3YWMy/detail
レンタルスタジオAivic高田馬場,レンタルスタジオAivic高田馬場,https://dance-studio-lab.com/room/M2JhMTAxM2EtZmMxNi00ODUwLTllNjUtNWQ4OTY3NmE2MWZj/detail
レンタルスタジオAivic池袋西口,レンタルスタジオAivic池袋西口,https://dance-studio-lab.com/room/OGY0MGIxYWEtNDM4Yi00YzAwLWI0OGMtOTAyOTkyYTJhMDYz/detail
Aスタジオ,Aスタジオ,https://dance-studio-lab.com/room/MjJkZDA5OWItZjVjNS00M2Q2LWEwNjUtMzM3Y2IwZWZlMTI1/detail
レンタルスタジオAivic池袋東口2号店,レンタルスタジオAivic池袋東口2号店,https://dance-studio-lab.com/room/ZTVmNmYwZGYtZTExNy00YTlkLTk4MDktODhhMWE2ZTYyNmNj/detail
BEATs レンタルスタジオ ビーツ,7.5m×5mの使いやすい大きさ！ 人数目安?約17人☆,https://dance-studio-lab.com/room/ZWU0MDNlZTUtMDE1Zi00NDcyLWFjZjgtZTAzNzUzZTAwMzNj/detail
Dubway レンタルスタジオ大塚,Dubway Dance Lab 大塚　B Room,https://dance-studio-lab.com/room/NWNiYjRiMTItNmM4MS00NjE3LWE0NjAtOWI0MTU3ZjEwM2Uz/detail
Hina STUDIO(ヒナスタジオ)【新宿西口アネックス】,Hina STUDIO（ヒナスタジオ）新宿西口アネックス【Aスタジオ】,https://dance-studio-lab.com/room/YjE2ZDdlY2ItMmM4MC00MDg2LWIwNTItMTM0YjI0YTllOTkz/detail
Dubway レンタルスタジオ中野,Dubway中野　ARoom,https://dance-studio-lab.com/room/MzFmYWU5ZjgtNmM0NC00MDYzLTljOGUtMjFlZDI1MmVhMDE5/detail
チェリッシュスタジオ11号館/12号館/13号館/14号館,チェリッシュスタジオ13号館,https://dance-studio-lab.com/room/ZWMwMGU3MjQtN2RjYy00NjRlLWI2NmQtZjk2ODgyMWU5Nzcy/detail
BEATs レンタルスタジオ ビーツ,5.1m×4.9mの少人数向けスタジオ！ 人数目安?約7人☆,https://dance-studio-lab.com/room/NGMwMDY5ZmUtNzc0ZS00MzY1LWI5OTAtZmUyOWQzZDdkYWQx/detail
Bスタジオ,Bスタジオ,https://dance-studio-lab.com/room/M2RmZTcwMjMtODVkYy00ZmMyLWFmM2EtN2I5ZjE0NjA3Y2Y5/detail
BEATs レンタルスタジオ ビーツ,9m×6.5mの大人数向けスタジオ！ 人数目安?約30人☆,https://dance-studio-lab.com/room/MjEzNDkzZDMtMTE1ZC00MDFlLWE2NTgtYTU0ZjVmNGFmNTBm/detail
Rental Studio Lab,広い,https://dance-studio-lab.com/room/Nzk0YjBiYmMtOTVkNC00ZWE4LWI4YTUtMzk5ZTM0N2U1ODU1/detail
THビル,TH2D　,https://dance-studio-lab.com/room/ZWFjYmE5MmQtYzlmMy00ZjQwLWIyN2MtNDk3NjBmMTZjY2M4/detail
チェリッシュスタジオ9号館,チェリッシュスタジオ9号館,https://dance-studio-lab.com/room/NGU3OTQ4YzEtMzA3OS00NDc3LThjODQtYWFkMmUzMTE4ZmFm/detail
【TEST】ダンススタジオラボ,1013,https://dance-studio-lab.com/room/NDc2NjkwNjctOWM0Mi00NWYwLTk2NzQtMTlmN2QwNWQwNjA5/detail
レンタルスタジオAivic新橋,レンタルスタジオAivic新橋,https://dance-studio-lab.com/room/M2EyMzEzOTUtMjkwNC00MmRlLWI3YWEtYjBiMmM1NGUzYzhl/detail
銀座レンタルスペース＆スタジオAnotherONE＋   ?? DansuStudioLab ?オープニング特別キャンペーン先着限定10名様 １Hプレゼント??,銀座レンタルスペース＆スタジオAnotherONE＋    ??DansuStudioLab ?オープニング特別キャンペーン先着限定10名様 １Hプレゼント??,https://dance-studio-lab.com/room/YzA5OTc2ODEtNzU4NS00Mzk1LTgxZTYtOWJiZmUwNWQ4NDk0/detail
Hina STUDIO(ヒナスタジオ)【新宿西口スタジオ】,Hina STUDIO（ヒナスタジオ）新宿西口【Bスタジオ】,https://dance-studio-lab.com/room/ZDEyOTIyNTctYjUwOC00ZTY3LTgxMWYtYTI0MzhkNDg4OGNj/detail
Dubway レンタルスタジオ小岩,Dubway 小岩A Room,https://dance-studio-lab.com/room/OWQ1M2I1OWItNjJkNy00NWVjLThkNWItNWY4M2ExOGVhYmM4/detail
レンタルスタジオAivic大塚,レンタルスタジオAivic大塚,https://dance-studio-lab.com/room/MjU5YzI0ZTUtYzE1MC00ODhmLWI2Y2MtNTk5YTFmMWIwMzZi/detail
Hina STUDIO(ヒナスタジオ)【新宿西口スタジオ】,Hina STUDIO（ヒナスタジオ）新宿西口【Aスタジオ】,https://dance-studio-lab.com/room/ZGRhZmJmNGYtNzRhOC00NzkxLThlODctMWEwZmUzYTE5ZWY5/detail
チェリッシュスタジオ1号館/6号館,チェリッシュスタジオ1号館,https://dance-studio-lab.com/room/NmY3ODljNDItMGVjZS00NGM4LTk0NGQtNmU2MDk0OTQ0ZDNi/detail
BUZZ新宿ハウス,1F,https://dance-studio-lab.com/room/MWYzNmNhZGMtMWZiNi00MjBiLWJjNzMtZmFmNjAxYmQ5MjA3/detail
レンタルスタジオAivic恵比寿,レンタルスタジオAivic恵比寿,https://dance-studio-lab.com/room/MzMyZDY5NzktNDEzOS00MzAyLWJjNzEtMjZiMjNiNzUwNGMy/detail
レンタルスタジオAivic恵比寿2号店,レンタルスタジオAivic恵比寿2号店,https://dance-studio-lab.com/room/MjM0NzMxMTAtOGQzOS00MDFkLThmMGEtNTgzM2MzMjVjMzlh/detail
レンタルピラティススタジオAivic渋谷1号店,レンタルピラティススタジオAivic渋谷1号店,https://dance-studio-lab.com/room/MDNkMzY2Y2YtMDFlMy00YjFhLTgwNWYtZDdjNmU1MGQ5OTgx/detail
レンタルピラティススタジオAivic渋谷2号店,レンタルピラティススタジオAivic渋谷2号店【Bスペース】,https://dance-studio-lab.com/room/OTJjODhjZDYtZmRjYS00ZjMyLWI0NWUtZTAwNjQ0N2VmMTRm/detail
レンタルピラティススタジオAivic恵比寿,レンタルピラティススタジオAivic恵比寿,https://dance-studio-lab.com/room/OTU4MmIyYzEtMTJjNS00ODc0LTk4NDgtNWFhNGJkNzE1YzQ0/detail
Dubway レンタルスタジオ中野,Dubway　中野B　Room,https://dance-studio-lab.com/room/MTYzNjNlYzgtY2E5NS00NWFkLWI3ODktYjdjOGUwYWNjYjI0/detail
レンタルピラティススタジオAivic西新宿,レンタルピラティススタジオAivic西新宿,https://dance-studio-lab.com/room/ZGY5MzY2ZjgtMzk1Mi00YTY0LWE2OWEtZDc3Y2RiYjllMmJh/detail
Rental Studio Lab２,Bst,https://dance-studio-lab.com/room/ZTM4NzZiNWUtY2NkNS00NzdiLTg3ZDktMGQyMWJhNTJkMDdh/detail
レンタルスタジオAivic渋谷宮益坂【ダンス禁止スペース】,レンタルスタジオAivic渋谷宮益坂【ダンス禁止スペース】,https://dance-studio-lab.com/room/ODU4MDliNGEtZThmNy00MTg5LWFiN2UtYmQwOTEyNDUzZjgy/detail
Studio-Bio,Studio-Bio,https://dance-studio-lab.com/room/MTI3NDc3MzgtMTBhMy00NGY2LWE3MGQtZmM5YzdiYjVmNzM2/detail
レンタルスタジオPalette高円寺｜高円寺駅１階スタジオ,レンタルスタジオPalette高円寺,https://dance-studio-lab.com/room/OTkwNTY5YzktZWNhNy00NzkwLWFiNDktM2U2YjM2NDU5NTVj/detail
Dubwayレンタルスタジオ大久保,Dubway大久保,https://dance-studio-lab.com/room/YTIzMjllOTEtNzlhMy00YjBiLTgwMDctMGNhMDNkOTgwNDFh/detail
レンタルスタジオAivic元町中華街,レンタルスタジオAivic元町中華街,https://dance-studio-lab.com/room/MDE1MGRkYjEtNjcxMS00Njg1LTg2YmQtODBjODQxZmFlYjg0/detail
レンタルピラティススタジオAivic渋谷2号店,レンタルピラティススタジオAivic渋谷2号店【Aスペース】,https://dance-studio-lab.com/room/OTJhMjhlMGEtMjI1OC00MDc0LTkxZWUtYzZkNTMyYzZmMDA1/detail
studio_MINT錦糸町,studio_MINT錦糸町,https://dance-studio-lab.com/room/ZDgyZDBlYjYtZWM1YS00MGNhLWI3YjEtZjRmNTEzZmU5NjE4/detail
(114 rows),,
